DBRep_DrawableShape

CASCADE Topology V3, (c) Open Cascade
Locations 331
1
              1               0               0               0 
              0               1               0               0 
              0               0               1               0 
1
              1               0               0             -10 
              0               1               0             -10 
              0               0               1              -1 
1
              1              -0               0               0 
              0               1              -0               0 
              0               0               1               0 
1
              1               0               0               0 
              0               1               0               0 
              0               0               1               0 
1
              1              -0               0              -0 
              0               1               0               0 
             -0               0               1              -0 
2  2 1 3 1 4 1 5 1 0
2  5 -1 4 -1 3 -1 2 -1 0
1
              1               0               0 -4.771728515625 
              0               1               0  -5.19287109375 
              0               0               1               0 
1
              1               0               0               0 
              0               1               0               0 
              0               0               1               0 
1
              1              -0               0               0 
              0               1              -0               0 
              0               0               1               0 
1
              1               0               0               0 
              0               1               0               0 
              0               0               1               0 
1
              1               0               0               0 
              0               1               0               0 
              0               0               1               1 
2  8 1 9 1 10 1 11 1 12 1 0
2  12 -1 11 -1 10 -1 9 -1 8 -1 0
1
              1               0               0              -0 
              0               1               0              -0 
              0               0               1            -0.6 
2  15 -1 12 -1 11 -1 10 -1 9 -1 8 -1 0
2  2 1 3 1 4 1 5 1 12 -1 11 -1 10 -1 9 -1 8 -1 0
2  9 -1 8 -1 0
2  10 1 11 1 12 1 0
2  10 1 11 1 12 1 15 1 0
2  8 1 9 1 10 1 11 1 12 1 15 1 0
1
              1               0               0               0 
              0               1               0               0 
              0               0               1               1 
1
              1              -0               0               0 
              0               1              -0               0 
              0               0               1               0 
1
              1               0               0               0 
              0               1               0               0 
              0               0               1               0 
1
              1              -0               0              -0 
              0               1               0               0 
             -0               0               1              -0 
2  10 1 11 1 22 1 23 1 24 1 25 1 0
1
              1               0               0              -0 
              0               1               0              -0 
              0               0               1            -0.6 
2  10 1 11 1 22 1 23 1 24 1 25 1 27 1 0
2  8 1 9 1 10 1 11 1 22 1 23 1 24 1 25 1 0
2  8 1 9 1 10 1 11 1 22 1 23 1 24 1 25 1 27 1 0
1
              1               0               0              21 
              0               1               0               0 
              0               0               1               0 
1
              1               0               0             -10 
              0               1               0             -10 
              0               0               1              -1 
1
              1              -0               0               0 
              0               1              -0               0 
              0               0               1               0 
1
              1               0               0               0 
              0               1               0               0 
              0               0               1               0 
1
              1              -0               0              -0 
              0               1               0               0 
             -0               0               1              -0 
2  32 1 33 1 34 1 35 1 0
2  35 -1 34 -1 33 -1 32 -1 0
1
              1               0               0               0 
              0               1               0               0 
              0               0               1               1 
2  38 -1 0
1
              1               0               0              -0 
              0               1               0              -0 
              0               0               1            -0.6 
2  40 -1 38 -1 0
1
              1               0               0 -4.771728515625 
              0               1               0  -5.19287109375 
              0               0               1               0 
1
              1               0               0               0 
              0               1               0               0 
              0               0               1               0 
1
              1              -0               0               0 
              0               1              -0               0 
              0               0               1               0 
1
              1               0               0               0 
              0               1               0               0 
              0               0               1               0 
2  42 1 43 1 44 1 45 1 0
2  32 1 33 1 34 1 35 1 38 -1 0
1
              1              -0               0              -0 
              0               1               0               0 
             -0               0               1              -0 
1
              1               0               0               0 
              0               1               0               0 
              0               0               1               0 
1
              1              -0               0               0 
              0               1              -0               0 
              0               0               1               0 
1
              1               0               0               0 
              0               1               0               0 
              0               0               1               1 
2  48 -1 49 -1 50 -1 51 -1 0
1
              1               0               0              -0 
              0               1               0              -0 
              0               0               1            -0.6 
2  53 -1 48 -1 49 -1 50 -1 51 -1 0
2  44 1 45 1 0
2  42 1 43 1 44 1 45 1 38 1 0
2  38 -1 45 -1 44 -1 43 -1 42 -1 0
2  40 -1 38 -1 45 -1 44 -1 43 -1 42 -1 0
2  32 1 33 1 34 1 35 1 38 -1 45 -1 44 -1 43 -1 42 -1 0
2  43 -1 42 -1 0
2  44 1 45 1 38 1 0
2  44 1 45 1 38 1 40 1 0
2  38 1 40 1 0
2  42 1 43 1 44 1 45 1 38 1 40 1 0
2  45 -1 44 -1 43 -1 42 -1 0
2  44 1 45 1 51 1 50 1 49 1 48 1 0
2  44 1 45 1 51 1 50 1 49 1 48 1 53 1 0
2  42 1 43 1 44 1 45 1 51 1 50 1 49 1 48 1 0
2  42 1 43 1 44 1 45 1 51 1 50 1 49 1 48 1 53 1 0
2  51 1 50 1 49 1 48 1 0
2  51 1 50 1 49 1 48 1 53 1 0
1
              1               0               0              42 
              0               1               0               0 
              0               0               1               0 
1
              1               0               0             -10 
              0               1               0             -10 
              0               0               1              -1 
1
              1              -0               0               0 
              0               1              -0               0 
              0               0               1               0 
1
              1               0               0               0 
              0               1               0               0 
              0               0               1               0 
1
              1              -0               0              -0 
              0               1               0               0 
             -0               0               1              -0 
2  73 1 74 1 75 1 76 1 0
2  76 -1 75 -1 74 -1 73 -1 0
1
              1               0               0               0 
              0               1               0               0 
              0               0               1               1 
2  79 -1 0
1
              1               0               0              -0 
              0               1               0              -0 
              0               0               1            -0.6 
2  81 -1 79 -1 0
1
              1               0               0 -4.771728515625 
              0               1               0  -5.19287109375 
              0               0               1               0 
1
              1               0               0               0 
              0               1               0               0 
              0               0               1               0 
1
              1              -0               0               0 
              0               1              -0               0 
              0               0               1               0 
1
              1               0               0               0 
              0               1               0               0 
              0               0               1               0 
2  83 1 84 1 85 1 86 1 0
2  73 1 74 1 75 1 76 1 79 -1 0
1
              1              -0               0              -0 
              0               1               0               0 
             -0               0               1              -0 
1
              1               0               0               0 
              0               1               0               0 
              0               0               1               0 
1
              1              -0               0               0 
              0               1              -0               0 
              0               0               1               0 
1
              1               0               0               0 
              0               1               0               0 
              0               0               1               1 
2  89 -1 90 -1 91 -1 92 -1 0
1
              1               0               0              -0 
              0               1               0              -0 
              0               0               1            -0.6 
2  94 -1 89 -1 90 -1 91 -1 92 -1 0
2  85 1 86 1 0
2  83 1 84 1 85 1 86 1 79 1 0
2  79 -1 86 -1 85 -1 84 -1 83 -1 0
2  81 -1 79 -1 86 -1 85 -1 84 -1 83 -1 0
2  73 1 74 1 75 1 76 1 79 -1 86 -1 85 -1 84 -1 83 -1 0
2  84 -1 83 -1 0
2  85 1 86 1 79 1 0
2  85 1 86 1 79 1 81 1 0
2  79 1 81 1 0
2  83 1 84 1 85 1 86 1 79 1 81 1 0
2  86 -1 85 -1 84 -1 83 -1 0
2  85 1 86 1 92 1 91 1 90 1 89 1 0
2  85 1 86 1 92 1 91 1 90 1 89 1 94 1 0
2  92 1 91 1 90 1 89 1 0
2  92 1 91 1 90 1 89 1 94 1 0
2  83 1 84 1 85 1 86 1 92 1 91 1 90 1 89 1 0
2  83 1 84 1 85 1 86 1 92 1 91 1 90 1 89 1 94 1 0
1
              1               0               0               0 
              0               1               0              21 
              0               0               1               0 
1
              1               0               0             -10 
              0               1               0             -10 
              0               0               1              -1 
1
              1              -0               0               0 
              0               1              -0               0 
              0               0               1               0 
1
              1               0               0               0 
              0               1               0               0 
              0               0               1               0 
1
              1              -0               0              -0 
              0               1               0               0 
             -0               0               1              -0 
2  114 1 115 1 116 1 117 1 0
2  117 -1 116 -1 115 -1 114 -1 0
1
              1               0               0 -4.771728515625 
              0               1               0  -5.19287109375 
              0               0               1               0 
1
              1               0               0               0 
              0               1               0               0 
              0               0               1               0 
1
              1              -0               0               0 
              0               1              -0               0 
              0               0               1               0 
1
              1               0               0               0 
              0               1               0               0 
              0               0               1               0 
1
              1               0               0               0 
              0               1               0               0 
              0               0               1               1 
2  120 1 121 1 122 1 123 1 124 1 0
2  124 -1 123 -1 122 -1 121 -1 120 -1 0
1
              1               0               0              -0 
              0               1               0              -0 
              0               0               1            -0.6 
2  127 -1 124 -1 123 -1 122 -1 121 -1 120 -1 0
2  114 1 115 1 116 1 117 1 124 -1 123 -1 122 -1 121 -1 120 -1 0
2  121 -1 120 -1 0
2  122 1 123 1 124 1 0
2  122 1 123 1 124 1 127 1 0
2  120 1 121 1 122 1 123 1 124 1 127 1 0
1
              1               0               0               0 
              0               1               0               0 
              0               0               1               1 
1
              1              -0               0               0 
              0               1              -0               0 
              0               0               1               0 
1
              1               0               0               0 
              0               1               0               0 
              0               0               1               0 
1
              1              -0               0              -0 
              0               1               0               0 
             -0               0               1              -0 
2  122 1 123 1 134 1 135 1 136 1 137 1 0
1
              1               0               0              -0 
              0               1               0              -0 
              0               0               1            -0.6 
2  122 1 123 1 134 1 135 1 136 1 137 1 139 1 0
2  120 1 121 1 122 1 123 1 134 1 135 1 136 1 137 1 0
2  120 1 121 1 122 1 123 1 134 1 135 1 136 1 137 1 139 1 0
1
              1               0               0              21 
              0               1               0              21 
              0               0               1               0 
1
              1               0               0             -10 
              0               1               0             -10 
              0               0               1              -1 
1
              1              -0               0               0 
              0               1              -0               0 
              0               0               1               0 
1
              1               0               0               0 
              0               1               0               0 
              0               0               1               0 
1
              1              -0               0              -0 
              0               1               0               0 
             -0               0               1              -0 
2  144 1 145 1 146 1 147 1 0
2  147 -1 146 -1 145 -1 144 -1 0
1
              1               0               0               0 
              0               1               0               0 
              0               0               1               1 
2  150 -1 0
1
              1               0               0              -0 
              0               1               0              -0 
              0               0               1            -0.6 
2  152 -1 150 -1 0
1
              1               0               0 -4.771728515625 
              0               1               0  -5.19287109375 
              0               0               1               0 
1
              1               0               0               0 
              0               1               0               0 
              0               0               1               0 
1
              1              -0               0               0 
              0               1              -0               0 
              0               0               1               0 
1
              1               0               0               0 
              0               1               0               0 
              0               0               1               0 
2  154 1 155 1 156 1 157 1 0
2  144 1 145 1 146 1 147 1 150 -1 0
1
              1              -0               0              -0 
              0               1               0               0 
             -0               0               1              -0 
1
              1               0               0               0 
              0               1               0               0 
              0               0               1               0 
1
              1              -0               0               0 
              0               1              -0               0 
              0               0               1               0 
1
              1               0               0               0 
              0               1               0               0 
              0               0               1               1 
2  160 -1 161 -1 162 -1 163 -1 0
1
              1               0               0              -0 
              0               1               0              -0 
              0               0               1            -0.6 
2  165 -1 160 -1 161 -1 162 -1 163 -1 0
2  156 1 157 1 0
2  154 1 155 1 156 1 157 1 150 1 0
2  150 -1 157 -1 156 -1 155 -1 154 -1 0
2  152 -1 150 -1 157 -1 156 -1 155 -1 154 -1 0
2  144 1 145 1 146 1 147 1 150 -1 157 -1 156 -1 155 -1 154 -1 0
2  155 -1 154 -1 0
2  156 1 157 1 150 1 0
2  156 1 157 1 150 1 152 1 0
2  150 1 152 1 0
2  154 1 155 1 156 1 157 1 150 1 152 1 0
2  157 -1 156 -1 155 -1 154 -1 0
2  156 1 157 1 163 1 162 1 161 1 160 1 0
2  156 1 157 1 163 1 162 1 161 1 160 1 165 1 0
2  154 1 155 1 156 1 157 1 163 1 162 1 161 1 160 1 0
2  154 1 155 1 156 1 157 1 163 1 162 1 161 1 160 1 165 1 0
2  163 1 162 1 161 1 160 1 0
2  163 1 162 1 161 1 160 1 165 1 0
1
              1               0               0              42 
              0               1               0              21 
              0               0               1               0 
1
              1               0               0             -10 
              0               1               0             -10 
              0               0               1              -1 
1
              1              -0               0               0 
              0               1              -0               0 
              0               0               1               0 
1
              1               0               0               0 
              0               1               0               0 
              0               0               1               0 
1
              1              -0               0              -0 
              0               1               0               0 
             -0               0               1              -0 
2  185 1 186 1 187 1 188 1 0
2  188 -1 187 -1 186 -1 185 -1 0
1
              1               0               0               0 
              0               1               0               0 
              0               0               1               1 
2  191 -1 0
1
              1               0               0              -0 
              0               1               0              -0 
              0               0               1            -0.6 
2  193 -1 191 -1 0
1
              1               0               0 -4.771728515625 
              0               1               0  -5.19287109375 
              0               0               1               0 
1
              1               0               0               0 
              0               1               0               0 
              0               0               1               0 
1
              1              -0               0               0 
              0               1              -0               0 
              0               0               1               0 
1
              1               0               0               0 
              0               1               0               0 
              0               0               1               0 
2  195 1 196 1 197 1 198 1 0
2  185 1 186 1 187 1 188 1 191 -1 0
1
              1              -0               0              -0 
              0               1               0               0 
             -0               0               1              -0 
1
              1               0               0               0 
              0               1               0               0 
              0               0               1               0 
1
              1              -0               0               0 
              0               1              -0               0 
              0               0               1               0 
1
              1               0               0               0 
              0               1               0               0 
              0               0               1               1 
2  201 -1 202 -1 203 -1 204 -1 0
1
              1               0               0              -0 
              0               1               0              -0 
              0               0               1            -0.6 
2  206 -1 201 -1 202 -1 203 -1 204 -1 0
2  197 1 198 1 0
2  195 1 196 1 197 1 198 1 191 1 0
2  191 -1 198 -1 197 -1 196 -1 195 -1 0
2  193 -1 191 -1 198 -1 197 -1 196 -1 195 -1 0
2  185 1 186 1 187 1 188 1 191 -1 198 -1 197 -1 196 -1 195 -1 0
2  196 -1 195 -1 0
2  197 1 198 1 191 1 0
2  197 1 198 1 191 1 193 1 0
2  191 1 193 1 0
2  195 1 196 1 197 1 198 1 191 1 193 1 0
2  198 -1 197 -1 196 -1 195 -1 0
2  197 1 198 1 204 1 203 1 202 1 201 1 0
2  197 1 198 1 204 1 203 1 202 1 201 1 206 1 0
2  195 1 196 1 197 1 198 1 204 1 203 1 202 1 201 1 0
2  195 1 196 1 197 1 198 1 204 1 203 1 202 1 201 1 206 1 0
2  204 1 203 1 202 1 201 1 0
2  204 1 203 1 202 1 201 1 206 1 0
1
              1               0               0               0 
              0               1               0              42 
              0               0               1               0 
1
              1               0               0             -10 
              0               1               0             -10 
              0               0               1              -1 
1
              1              -0               0               0 
              0               1              -0               0 
              0               0               1               0 
1
              1               0               0               0 
              0               1               0               0 
              0               0               1               0 
1
              1              -0               0              -0 
              0               1               0               0 
             -0               0               1              -0 
2  226 1 227 1 228 1 229 1 0
2  229 -1 228 -1 227 -1 226 -1 0
1
              1               0               0 -4.771728515625 
              0               1               0  -5.19287109375 
              0               0               1               0 
1
              1               0               0               0 
              0               1               0               0 
              0               0               1               0 
1
              1              -0               0               0 
              0               1              -0               0 
              0               0               1               0 
1
              1               0               0               0 
              0               1               0               0 
              0               0               1               0 
1
              1               0               0               0 
              0               1               0               0 
              0               0               1               1 
2  232 1 233 1 234 1 235 1 236 1 0
2  236 -1 235 -1 234 -1 233 -1 232 -1 0
1
              1               0               0              -0 
              0               1               0              -0 
              0               0               1            -0.6 
2  239 -1 236 -1 235 -1 234 -1 233 -1 232 -1 0
2  226 1 227 1 228 1 229 1 236 -1 235 -1 234 -1 233 -1 232 -1 0
2  233 -1 232 -1 0
2  234 1 235 1 236 1 0
2  234 1 235 1 236 1 239 1 0
2  232 1 233 1 234 1 235 1 236 1 239 1 0
1
              1               0               0               0 
              0               1               0               0 
              0               0               1               1 
1
              1              -0               0               0 
              0               1              -0               0 
              0               0               1               0 
1
              1               0               0               0 
              0               1               0               0 
              0               0               1               0 
1
              1              -0               0              -0 
              0               1               0               0 
             -0               0               1              -0 
2  234 1 235 1 246 1 247 1 248 1 249 1 0
1
              1               0               0              -0 
              0               1               0              -0 
              0               0               1            -0.6 
2  234 1 235 1 246 1 247 1 248 1 249 1 251 1 0
2  232 1 233 1 234 1 235 1 246 1 247 1 248 1 249 1 0
2  232 1 233 1 234 1 235 1 246 1 247 1 248 1 249 1 251 1 0
1
              1               0               0              21 
              0               1               0              42 
              0               0               1               0 
1
              1               0               0             -10 
              0               1               0             -10 
              0               0               1              -1 
1
              1              -0               0               0 
              0               1              -0               0 
              0               0               1               0 
1
              1               0               0               0 
              0               1               0               0 
              0               0               1               0 
1
              1              -0               0              -0 
              0               1               0               0 
             -0               0               1              -0 
2  256 1 257 1 258 1 259 1 0
2  259 -1 258 -1 257 -1 256 -1 0
1
              1               0               0               0 
              0               1               0               0 
              0               0               1               1 
2  262 -1 0
1
              1               0               0              -0 
              0               1               0              -0 
              0               0               1            -0.6 
2  264 -1 262 -1 0
1
              1               0               0 -4.771728515625 
              0               1               0  -5.19287109375 
              0               0               1               0 
1
              1               0               0               0 
              0               1               0               0 
              0               0               1               0 
1
              1              -0               0               0 
              0               1              -0               0 
              0               0               1               0 
1
              1               0               0               0 
              0               1               0               0 
              0               0               1               0 
2  266 1 267 1 268 1 269 1 0
2  256 1 257 1 258 1 259 1 262 -1 0
1
              1              -0               0              -0 
              0               1               0               0 
             -0               0               1              -0 
1
              1               0               0               0 
              0               1               0               0 
              0               0               1               0 
1
              1              -0               0               0 
              0               1              -0               0 
              0               0               1               0 
1
              1               0               0               0 
              0               1               0               0 
              0               0               1               1 
2  272 -1 273 -1 274 -1 275 -1 0
1
              1               0               0              -0 
              0               1               0              -0 
              0               0               1            -0.6 
2  277 -1 272 -1 273 -1 274 -1 275 -1 0
2  268 1 269 1 0
2  268 1 269 1 262 1 0
2  268 1 269 1 262 1 264 1 0
2  262 1 264 1 0
2  266 1 267 1 268 1 269 1 262 1 264 1 0
2  269 -1 268 -1 267 -1 266 -1 0
2  268 1 269 1 275 1 274 1 273 1 272 1 0
2  268 1 269 1 275 1 274 1 273 1 272 1 277 1 0
2  275 1 274 1 273 1 272 1 0
2  275 1 274 1 273 1 272 1 277 1 0
2  266 1 267 1 268 1 269 1 275 1 274 1 273 1 272 1 0
2  266 1 267 1 268 1 269 1 275 1 274 1 273 1 272 1 277 1 0
1
              1               0               0              42 
              0               1               0              42 
              0               0               1               0 
1
              1               0               0             -10 
              0               1               0             -10 
              0               0               1              -1 
1
              1              -0               0               0 
              0               1              -0               0 
              0               0               1               0 
1
              1               0               0               0 
              0               1               0               0 
              0               0               1               0 
1
              1              -0               0              -0 
              0               1               0               0 
             -0               0               1              -0 
2  292 1 293 1 294 1 295 1 0
2  295 -1 294 -1 293 -1 292 -1 0
1
              1               0               0               0 
              0               1               0               0 
              0               0               1               1 
2  298 -1 0
1
              1               0               0              -0 
              0               1               0              -0 
              0               0               1            -0.6 
2  300 -1 298 -1 0
1
              1               0               0 -4.771728515625 
              0               1               0  -5.19287109375 
              0               0               1               0 
1
              1               0               0               0 
              0               1               0               0 
              0               0               1               0 
1
              1              -0               0               0 
              0               1              -0               0 
              0               0               1               0 
1
              1               0               0               0 
              0               1               0               0 
              0               0               1               0 
2  302 1 303 1 304 1 305 1 0
2  292 1 293 1 294 1 295 1 298 -1 0
1
              1              -0               0              -0 
              0               1               0               0 
             -0               0               1              -0 
1
              1               0               0               0 
              0               1               0               0 
              0               0               1               0 
1
              1              -0               0               0 
              0               1              -0               0 
              0               0               1               0 
1
              1               0               0               0 
              0               1               0               0 
              0               0               1               1 
2  308 -1 309 -1 310 -1 311 -1 0
1
              1               0               0              -0 
              0               1               0              -0 
              0               0               1            -0.6 
2  313 -1 308 -1 309 -1 310 -1 311 -1 0
2  304 1 305 1 0
2  302 1 303 1 304 1 305 1 298 1 0
2  298 -1 305 -1 304 -1 303 -1 302 -1 0
2  300 -1 298 -1 305 -1 304 -1 303 -1 302 -1 0
2  292 1 293 1 294 1 295 1 298 -1 305 -1 304 -1 303 -1 302 -1 0
2  303 -1 302 -1 0
2  304 1 305 1 298 1 0
2  304 1 305 1 298 1 300 1 0
2  298 1 300 1 0
2  302 1 303 1 304 1 305 1 298 1 300 1 0
2  305 -1 304 -1 303 -1 302 -1 0
2  304 1 305 1 311 1 310 1 309 1 308 1 0
2  304 1 305 1 311 1 310 1 309 1 308 1 313 1 0
2  302 1 303 1 304 1 305 1 311 1 310 1 309 1 308 1 0
2  302 1 303 1 304 1 305 1 311 1 310 1 309 1 308 1 313 1 0
2  311 1 310 1 309 1 308 1 0
2  311 1 310 1 309 1 308 1 313 1 0
Curve2ds 932
1 2 0 0 -1 
1 0 0 0 1 
1 0 0 0 1 
1 0 -1.5 1 0 
1 0 0 0 1 
1 0 -18.5 1 0 
1 0 0 0 -1 
1 0 0 0 1 
1 -4.7123889803846897 2 1 0 
2 1.5 1.5 0 -1 1 0 1.5
1 -1.5707963267948966 2 1 0 
2 1.5 18.5 0 -1 -1 -0 1.5
1 2 0 0 1 
1 0 0 1 0 
1 2 0 0 1 
1 0 20 1 0 
1 -4.7123889803846897 2 1 0 
2 18.5 1.5 0 -1 -1 -0 1.5
1 -1.5707963267948966 2 1 0 
2 18.5 18.5 0 -1 1 0 1.5
1 2 0 0 -1 
1 20 0 0 1 
1 0 0 1 0 
1 0 -0.59999999999999998 1 0 
1 8.1591796875 0 -1 0 
1 13.387451171875 4.80712890625 -1 0 
1 0 0 1 0 
1 0 -0.59999999999999998 1 0 
1 8.1591796875 1.2451171875 0 -1 
1 13.387451171875 6.05224609375 0 -1 
1 0 0 1 0 
1 0 -0.59999999999999998 1 0 
1 5.7421875 1.2451171875 1 0 
1 10.970458984375 6.05224609375 1 0 
1 0 0 1 0 
1 0 -0.59999999999999998 1 0 
1 5.7421875 10.93505859375 0 -1 
1 10.970458984375 15.7421875 0 -1 
1 0 0 1 0 
1 0 -0.59999999999999998 1 0 
1 4.2626953125 10.93505859375 1 0 
1 9.490966796875 15.7421875 1 0 
1 0 0 1 0 
1 0 -0.59999999999999998 1 0 
1 1.64794921875 10.40771484375 0.98026256915446341 0.19770001394711867 
1 6.876220703125 15.21484375 0.98026256915446341 0.19770001394711867 
1 0 0 1 0 
1 0 -0.59999999999999998 1 0 
1 1.64794921875 9.06005859375 0 1 
1 6.876220703125 13.8671875 0 1 
1 0 0 1 0 
1 -0 -0.59999999999999998 1 0 
1 4.27734375 9.58740234375 -0.98047549159044145 -0.19664132421869579 
1 9.505615234375 14.39453125 -0.98047549159044145 -0.19664132421869579 
1 0 0 1 0 
1 0 -0.59999999999999998 1 0 
1 4.27734375 1.2451171875 0 1 
1 9.505615234375 6.05224609375 0 1 
1 0 0 1 0 
1 0 -0.59999999999999998 1 0 
1 1.8603515625 1.2451171875 1 0 
1 7.088623046875 6.05224609375 1 0 
1 0 0 1 0 
1 0 -0.59999999999999998 1 0 
1 1.8603515625 0 0 1 
1 7.088623046875 4.80712890625 0 1 
1 -4.7123889803846897 0 1 0 
2 1.5 1.5 0 -1 1 0 1.5
1 1.5707963267948966 0 0 1 
1 0 1.5 1 0 
1 -1.5707963267948966 0 1 0 
2 1.5 18.5 0 -1 -1 -0 1.5
1 1.5707963267948966 0 0 1 
1 0 1.5 1 0 
1 0 0 0 1 
1 0 0 1 0 
1 0 0 0 1 
1 0 20 1 0 
1 -4.7123889803846897 0 1 0 
2 18.5 1.5 0 -1 -1 -0 1.5
1 -1.5707963267948966 0 1 0 
2 18.5 18.5 0 -1 1 0 1.5
1 0 0 0 -1 
1 20 0 0 1 
1 1.5707963267948966 0 0 1 
1 0 18.5 1 0 
1 1.5707963267948966 0 0 1 
1 0 18.5 1 0 
1 0 0 0 1 
1 0 -1.5 1 0 
1 0 0 0 1 
1 0 -18.5 1 0 
1 1.2451171875 0 0 -1 
1 0 0 0 -1 
1 0 0 0 -1 
1 6.298828125 0 0 -1 
1 2.4169921875 0 0 -1 
1 0 0 0 -1 
1 9.68994140625 0 0 -1 
1 0 0 0 -1 
1 1.4794921875 0 0 -1 
1 0 0 0 -1 
1 2.6673935902758981 0 0 -1 
1 0 0 0 -1 
1 1.34765625 0 0 -1 
1 0 0 0 -1 
1 2.6817544689310147 0 0 -1 
1 0 0 0 -1 
1 8.34228515625 0 0 -1 
1 0 0 0 -1 
1 2.4169921875 0 0 -1 
1 0 0 0 -1 
1 1.2451171875 0 0 -1 
1 0 0 0 -1 
1 2 0 0 -1 
1 0 0 0 1 
1 0 0 0 1 
1 0 -1.5 1 0 
1 0 0 0 1 
1 0 -18.5 1 0 
1 0 0 0 -1 
1 0 0 0 1 
1 -4.7123889803846897 2 1 0 
2 1.5 1.5 0 -1 1 0 1.5
1 -1.5707963267948966 2 1 0 
2 1.5 18.5 0 -1 -1 -0 1.5
1 2 0 0 1 
1 0 0 1 0 
1 2 0 0 1 
1 0 20 1 0 
1 -4.7123889803846897 2 1 0 
2 18.5 1.5 0 -1 -1 -0 1.5
1 -1.5707963267948966 2 1 0 
2 18.5 18.5 0 -1 1 0 1.5
1 2 0 0 -1 
1 20 0 0 1 
1 0 0 1 0 
1 0 -0.59999999999999998 1 0 
7 0 0  2 4 3  2.87841796875 1.2451171875  4.66552734375 3.06884765625  6.62841796875 5.09765625  6.8115234375 5.31005859375 
 0 3 1 1 2 3
7 0 0  2 4 3  8.106689453125 6.05224609375  9.893798828125 7.8759765625  11.856689453125 9.90478515625  12.039794921875 10.1171875 
 0 3 1 1 2 3
1 0 0 1 0 
1 0 -0.59999999999999998 1 0 
1 0 0 1 0 
1 0 -0.59999999999999998 1 0 
7 0 0  2 8 7  6.8115234375 5.31005859375  7.47802734375 6.13037109375  7.9833984375 7.3388671875  7.9833984375 9.43359375  5.9619140625 11.1328125  3.6181640625 11.1328125  2.0654296875 10.7666015625  1.171875 10.40771484375 
 0 3 1 1 2 1 4.1086956521739131 1 6.2173913043478262 1 7.0172413793103452 1 7.8170914542728642 3
7 0 0  2 8 7  12.039794921875 10.1171875  12.706298828125 10.9375  13.211669921875 12.14599609375  13.211669921875 14.24072265625  11.190185546875 15.93994140625  8.846435546875 15.93994140625  7.293701171875 15.57373046875  6.400146484375 15.21484375 
 0 3 1 1 2 1 4.1086956521739131 1 6.2173913043478262 1 7.0172413793103452 1 7.8170914542728642 3
1 0 0 1 0 
1 0 -0.59999999999999998 1 0 
1 0 0 1 0 
1 0 -0.59999999999999998 1 0 
1 1.171875 8.91357421875 0 1 
1 6.400146484375 13.720703125 0 1 
1 0 0 1 0 
1 0 -0.59999999999999998 1 0 
7 0 0  2 8 7  1.171875 8.91357421875  2.05078125 9.404296875  3.59619140625 9.8876953125  5.2734375 9.8876953125  6.49658203125 8.7890625  6.49658203125 7.3828125  5.9326171875 6.27685546875  5.22216796875 5.478515625 
 0 3 1 1 2 1 3.4105263157894736 1 4.8210526315789473 1 5.6863334807607249 1 6.5516143299425025 3
7 0 0  2 8 7  6.400146484375 13.720703125  7.279052734375 14.21142578125  8.824462890625 14.69482421875  10.501708984375 14.69482421875  11.724853515625 13.59619140625  11.724853515625 12.18994140625  11.160888671875 11.083984375  10.450439453125 10.28564453125 
 0 3 1 1 2 1 3.4105263157894736 1 4.8210526315789473 1 5.6863334807607249 1 6.5516143299425025 3
1 0 0 1 0 
1 0 -0.59999999999999998 1 0 
1 0 0 1 0 
1 0 -0.59999999999999998 1 0 
7 0 0  2 4 3  5.22216796875 5.478515625  4.8486328125 5.0537109375  1.94091796875 2.11669921875  1.0986328125 1.2451171875 
 0 3 1 1 2 3
7 0 0  2 4 3  10.450439453125 10.28564453125  10.076904296875 9.86083984375  7.169189453125 6.923828125  6.326904296875 6.05224609375 
 0 3 1 1 2 3
1 0 0 1 0 
1 0 -0.59999999999999998 1 0 
1 0 0 1 0 
1 0 -0.59999999999999998 1 0 
1 1.0986328125 0 0 1 
1 6.326904296875 4.80712890625 0 1 
1 0 0 1 0 
1 0 -0.59999999999999998 1 0 
1 8.0419921875 0 -1 0 
1 13.270263671875 4.80712890625 -1 0 
1 0 0 1 0 
1 0 -0.59999999999999998 1 0 
1 8.0419921875 1.2451171875 0 -1 
1 13.270263671875 6.05224609375 0 -1 
1 0 0 1 0 
1 0 -0.59999999999999998 1 0 
1 2.87841796875 1.2451171875 1 0 
1 8.106689453125 6.05224609375 1 0 
1 -4.7123889803846897 0 1 0 
2 1.5 1.5 0 -1 1 0 1.5
1 1.5707963267948966 0 0 1 
1 0 1.5 1 0 
1 -1.5707963267948966 0 1 0 
2 1.5 18.5 0 -1 -1 -0 1.5
1 1.5707963267948966 0 0 1 
1 0 1.5 1 0 
1 0 0 0 1 
1 0 0 1 0 
1 0 0 0 1 
1 0 20 1 0 
1 -4.7123889803846897 0 1 0 
2 18.5 1.5 0 -1 -1 -0 1.5
1 -1.5707963267948966 0 1 0 
2 18.5 18.5 0 -1 1 0 1.5
1 0 0 0 -1 
1 20 0 0 1 
1 1.5707963267948966 0 0 1 
1 0 18.5 1 0 
1 1.5707963267948966 0 0 1 
1 0 18.5 1 0 
1 0 0 0 1 
1 0 -1.5 1 0 
1 0 0 0 1 
1 0 -18.5 1 0 
1 0 0 0 -1 
1 0 0 0 -1 
1 0 0 0 -1 
1 2 0 0 -1 
1 7.8170914542728642 0 0 -1 
1 1.494140625 0 0 -1 
1 0 0 0 -1 
1 0 0 0 -1 
1 0 0 0 -1 
1 6.5516143299425025 0 0 -1 
1 2 0 0 -1 
1 1.2451171875 0 0 -1 
1 6.943359375 0 0 -1 
1 0 0 0 -1 
1 1.2451171875 0 0 -1 
1 0 0 0 -1 
1 5.16357421875 0 0 -1 
1 0 0 0 -1 
1 0 0 0 -1 
1 2 0 0 -1 
1 0 0 0 -1 
1 6.5516143299425025 0 0 -1 
1 0 0 0 -1 
1 7.8170914542728642 0 0 -1 
1 0 0 0 -1 
1 2 0 0 -1 
1 2 0 0 -1 
1 0 0 0 1 
1 0 0 0 1 
1 0 -1.5 1 0 
1 0 0 0 1 
1 0 -18.5 1 0 
1 0 0 0 -1 
1 0 0 0 1 
1 -4.7123889803846897 2 1 0 
2 1.5 1.5 0 -1 1 0 1.5
1 -1.5707963267948966 2 1 0 
2 1.5 18.5 0 -1 -1 -0 1.5
1 2 0 0 1 
1 0 0 1 0 
1 2 0 0 1 
1 0 20 1 0 
1 -4.7123889803846897 2 1 0 
2 18.5 1.5 0 -1 -1 -0 1.5
1 -1.5707963267948966 2 1 0 
2 18.5 18.5 0 -1 1 0 1.5
1 2 0 0 -1 
1 20 0 0 1 
1 0 0 1 0 
1 0 -0.59999999999999998 1 0 
7 0 0  2 8 7  1.142578125 0.32958984375  1.9189453125 0.05859375  3.37646484375 -0.21240234375  6.11572265625 -0.21240234375  8.34228515625 1.56005859375  8.34228515625 4.2333984375  7.1484375 5.6689453125  6.08642578125 5.89599609375 
 0 3 1 1 2 1 4.9787234042553195 1 7.9574468085106389 1 9.8983344565322042 1 11.83922210455377 3
7 0 0  2 8 7  6.370849609375 5.13671875  7.147216796875 4.86572265625  8.604736328125 4.5947265625  11.343994140625 4.5947265625  13.570556640625 6.3671875  13.570556640625 9.04052734375  12.376708984375 10.47607421875  11.314697265625 10.703125 
 0 3 1 1 2 1 4.9787234042553195 1 7.9574468085106389 1 9.8983344565322042 1 11.83922210455377 3
1 0 0 1 0 
1 0 -0.59999999999999998 1 0 
1 0 0 1 0 
1 0 -0.59999999999999998 1 0 
7 0 0  2 8 7  6.08642578125 5.89599609375  7.0458984375 6.1376953125  8.0859375 7.39013671875  8.0859375 9.60205078125  6.123046875 11.1328125  3.78662109375 11.1328125  2.314453125 10.8984375  1.47216796875 10.6640625 
 0 3 1 1 2 1 3.435483870967742 1 4.870967741935484 1 5.4264375876577846 1 5.9819074333800852 3
7 0 0  2 8 7  11.314697265625 10.703125  12.274169921875 10.94482421875  13.314208984375 12.197265625  13.314208984375 14.4091796875  11.351318359375 15.93994140625  9.014892578125 15.93994140625  7.542724609375 15.70556640625  6.700439453125 15.47119140625 
 0 3 1 1 2 1 3.435483870967742 1 4.870967741935484 1 5.4264375876577846 1 5.9819074333800852 3
1 0 0 1 0 
1 0 -0.59999999999999998 1 0 
1 0 0 1 0 
1 0 -0.59999999999999998 1 0 
1 1.47216796875 9.345703125 0 1 
1 6.700439453125 14.15283203125 0 1 
1 0 0 1 0 
1 0 -0.59999999999999998 1 0 
7 0 0  2 8 7  1.47216796875 9.345703125  2.30712890625 9.6240234375  3.69873046875 9.8876953125  5.419921875 9.8876953125  6.61376953125 8.98681640625  6.61376953125 7.32421875  5.45654296875 6.45263671875  4.365234375 6.45263671875 
 0 3 1 1 2 1 3.8313253012048194 1 5.6626506024096388 1 7.446202200104767 1 9.2297537977998942 3
7 0 0  2 8 7  6.700439453125 14.15283203125  7.535400390625 14.43115234375  8.927001953125 14.69482421875  10.648193359375 14.69482421875  11.842041015625 13.7939453125  11.842041015625 12.13134765625  10.684814453125 11.259765625  9.593505859375 11.259765625 
 0 3 1 1 2 1 3.8313253012048194 1 5.6626506024096388 1 7.446202200104767 1 9.2297537977998942 3
1 0 0 1 0 
1 0 -0.59999999999999998 1 0 
1 0 0 1 0 
1 0 -0.59999999999999998 1 0 
1 3.0322265625 6.45263671875 1 0 
1 8.260498046875 11.259765625 1 0 
1 0 0 1 0 
1 0 -0.59999999999999998 1 0 
1 3.0322265625 5.23681640625 0 1 
1 8.260498046875 10.0439453125 0 1 
1 0 0 1 0 
1 0 -0.59999999999999998 1 0 
1 4.306640625 5.23681640625 -1 0 
1 9.534912109375 10.0439453125 -1 0 
1 0 0 1 0 
1 0 -0.59999999999999998 1 0 
7 0 0  2 8 7  4.306640625 5.23681640625  5.51513671875 5.23681640625  6.8701171875 4.1455078125  6.8701171875 2.13134765625  5.41259765625 1.03271484375  3.22265625 1.03271484375  1.7578125 1.39892578125  1.142578125 1.7578125 
 0 3 1 1 2 1 3.083333333333333 1 4.1666666666666661 1 4.7881578947368411 1 5.409649122807016 3
7 0 0  2 8 7  9.534912109375 10.0439453125  10.743408203125 10.0439453125  12.098388671875 8.95263671875  12.098388671875 6.9384765625  10.640869140625 5.83984375  8.450927734375 5.83984375  6.986083984375 6.2060546875  6.370849609375 6.56494140625 
 0 3 1 1 2 1 3.083333333333333 1 4.1666666666666661 1 4.7881578947368411 1 5.409649122807016 3
1 0 0 1 0 
1 0 -0.59999999999999998 1 0 
1 0 0 1 0 
1 0 -0.59999999999999998 1 0 
1 1.142578125 0.32958984375 0 1 
1 6.370849609375 5.13671875 0 1 
1 -4.7123889803846897 0 1 0 
2 1.5 1.5 0 -1 1 0 1.5
1 1.5707963267948966 0 0 1 
1 0 1.5 1 0 
1 -1.5707963267948966 0 1 0 
2 1.5 18.5 0 -1 -1 -0 1.5
1 1.5707963267948966 0 0 1 
1 0 1.5 1 0 
1 0 0 0 1 
1 0 0 1 0 
1 0 0 0 1 
1 0 20 1 0 
1 -4.7123889803846897 0 1 0 
2 18.5 1.5 0 -1 -1 -0 1.5
1 -1.5707963267948966 0 1 0 
2 18.5 18.5 0 -1 1 0 1.5
1 0 0 0 -1 
1 20 0 0 1 
1 1.5707963267948966 0 0 1 
1 0 18.5 1 0 
1 1.5707963267948966 0 0 1 
1 0 18.5 1 0 
1 0 0 0 1 
1 0 -1.5 1 0 
1 0 0 0 1 
1 0 -18.5 1 0 
1 0 0 0 -1 
1 0 0 0 -1 
1 11.83922210455377 0 0 -1 
1 0 0 0 -1 
1 5.9819074333800852 0 0 -1 
1 1.318359375 0 0 -1 
1 0 0 0 -1 
1 0 0 0 -1 
1 9.2297537977998942 0 0 -1 
1 1.3330078125 0 0 -1 
1 1.2158203125 0 0 -1 
1 0 0 0 -1 
1 1.2744140625 0 0 -1 
1 0 0 0 -1 
1 0 0 0 -1 
1 0 0 0 -1 
1 5.409649122807016 0 0 -1 
1 1.42822265625 0 0 -1 
1 0 0 0 -1 
1 11.83922210455377 0 0 -1 
1 0 0 0 -1 
1 5.409649122807016 0 0 -1 
1 0 0 0 -1 
1 9.2297537977998942 0 0 -1 
1 0 0 0 -1 
1 5.9819074333800852 0 0 -1 
1 2 0 0 -1 
1 0 0 0 1 
1 0 0 0 1 
1 0 -1.5 1 0 
1 0 0 0 1 
1 0 -18.5 1 0 
1 0 0 0 -1 
1 0 0 0 1 
1 -4.7123889803846897 2 1 0 
2 1.5 1.5 0 -1 1 0 1.5
1 -1.5707963267948966 2 1 0 
2 1.5 18.5 0 -1 -1 -0 1.5
1 2 0 0 1 
1 0 0 1 0 
1 2 0 0 1 
1 0 20 1 0 
1 -4.7123889803846897 2 1 0 
2 18.5 1.5 0 -1 -1 -0 1.5
1 -1.5707963267948966 2 1 0 
2 18.5 18.5 0 -1 1 0 1.5
1 2 0 0 -1 
1 20 0 0 1 
1 0 0 1 0 
1 0 -0.59999999999999998 1 0 
1 0.732421875 2.578125 0 1 
1 5.960693359375 7.38525390625 0 1 
1 0 0 1 0 
1 0 -0.59999999999999998 1 0 
1 5.6689453125 2.578125 -1 0 
1 10.897216796875 7.38525390625 -1 0 
1 0 0 1 0 
1 0 -0.59999999999999998 1 0 
1 5.6689453125 0 0 1 
1 10.897216796875 4.80712890625 0 1 
1 0 0 1 0 
1 0 -0.59999999999999998 1 0 
1 7.14111328125 0 -1 0 
1 12.369384765625 4.80712890625 -1 0 
1 0 0 1 0 
1 0 -0.59999999999999998 1 0 
1 7.14111328125 2.578125 0 -1 
1 12.369384765625 7.38525390625 0 -1 
1 0 0 1 0 
1 0 -0.59999999999999998 1 0 
1 8.701171875 2.578125 -1 0 
1 13.929443359375 7.38525390625 -1 0 
1 0 0 1 0 
1 0 -0.59999999999999998 1 0 
1 8.701171875 3.80859375 0 -1 
1 13.929443359375 8.61572265625 0 -1 
1 0 0 1 0 
1 0 -0.59999999999999998 1 0 
1 7.14111328125 3.80859375 1 0 
1 12.369384765625 8.61572265625 1 0 
1 0 0 1 0 
1 0 -0.59999999999999998 1 0 
1 7.14111328125 10.93505859375 0 -1 
1 12.369384765625 15.7421875 0 -1 
1 0 0 1 0 
1 0 -0.59999999999999998 1 0 
1 5.28076171875 10.93505859375 1 0 
1 10.509033203125 15.7421875 1 0 
1 0 0 1 0 
1 0 -0.59999999999999998 1 0 
1 0.732421875 4.00634765625 0.54877225104530281 0.83597189933793303 
1 5.960693359375 8.8134765625 0.54877225104530281 0.83597189933793303 
1 -4.7123889803846897 0 1 0 
2 1.5 1.5 0 -1 1 0 1.5
1 1.5707963267948966 0 0 1 
1 0 1.5 1 0 
1 -1.5707963267948966 0 1 0 
2 1.5 18.5 0 -1 -1 -0 1.5
1 1.5707963267948966 0 0 1 
1 0 1.5 1 0 
1 0 0 0 1 
1 0 0 1 0 
1 0 0 0 1 
1 0 20 1 0 
1 -4.7123889803846897 0 1 0 
2 18.5 1.5 0 -1 -1 -0 1.5
1 -1.5707963267948966 0 1 0 
2 18.5 18.5 0 -1 1 0 1.5
1 0 0 0 -1 
1 20 0 0 1 
1 1.5707963267948966 0 0 1 
1 0 18.5 1 0 
1 1.5707963267948966 0 0 1 
1 0 18.5 1 0 
1 0 0 0 1 
1 0 -1.5 1 0 
1 0 0 0 1 
1 0 -18.5 1 0 
1 4.9365234375 0 0 -1 
1 0 0 0 -1 
1 0 0 0 -1 
1 1.42822265625 0 0 -1 
1 2.578125 0 0 -1 
1 0 0 0 -1 
1 1.47216796875 0 0 -1 
1 0 0 0 -1 
1 2.578125 0 0 -1 
1 0 0 0 -1 
1 1.56005859375 0 0 -1 
1 0 0 0 -1 
1 1.23046875 0 0 -1 
1 0 0 0 -1 
1 1.56005859375 0 0 -1 
1 0 0 0 -1 
1 7.12646484375 0 0 -1 
1 0 0 0 -1 
1 1.8603515625 0 0 -1 
1 0 0 0 -1 
1 8.2882103369591142 0 0 -1 
1 0 0 0 -1 
1 0 0 1 0 
1 0 -0.59999999999999998 1 0 
1 5.6689453125 3.80859375 0 1 
1 10.897216796875 8.61572265625 0 1 
1 0 0 1 0 
1 -0 -0.59999999999999998 1 0 
1 5.6689453125 9.64599609375 -0.53899371489641856 -0.84230978582832472 
1 10.897216796875 14.453125 -0.53899371489641856 -0.84230978582832472 
1 0 0 1 0 
1 0 -0.59999999999999998 1 0 
1 1.93359375 3.80859375 1 0 
1 7.161865234375 8.61572265625 1 0 
1 0 0 0 -1 
1 3.7353515625 0 0 -1 
1 5.83740234375 0 0 -1 
1 0 0 0 -1 
1 6.9302321330738401 0 0 -1 
1 0 0 0 -1 
1 2 0 0 -1 
1 0 0 0 1 
1 0 0 0 1 
1 0 -1.5 1 0 
1 0 0 0 1 
1 0 -18.5 1 0 
1 0 0 0 -1 
1 0 0 0 1 
1 -4.7123889803846897 2 1 0 
2 1.5 1.5 0 -1 1 0 1.5
1 -1.5707963267948966 2 1 0 
2 1.5 18.5 0 -1 -1 -0 1.5
1 2 0 0 1 
1 0 0 1 0 
1 2 0 0 1 
1 0 20 1 0 
1 -4.7123889803846897 2 1 0 
2 18.5 1.5 0 -1 -1 -0 1.5
1 -1.5707963267948966 2 1 0 
2 18.5 18.5 0 -1 1 0 1.5
1 2 0 0 -1 
1 20 0 0 1 
1 0 0 1 0 
1 0 -0.59999999999999998 1 0 
7 0 0  2 10 9  1.61865234375 5.44189453125  2.23388671875 5.72021484375  3.4130859375 5.98388671875  5.2734375 5.98388671875  6.7529296875 4.65087890625  6.7529296875 2.36572265625  5.2734375 1.03271484375  3.22265625 1.03271484375  1.81640625 1.38427734375  1.1572265625 1.7431640625 
 0 3 1 1 2 1 4.1358024691358022 1 6.2716049382716044 1 8.4074074074074066 1 10.543209876543209 1 11.864197530864196 1 13.185185185185183 3
7 0 0  2 10 9  6.846923828125 10.2490234375  7.462158203125 10.52734375  8.641357421875 10.791015625  10.501708984375 10.791015625  11.981201171875 9.4580078125  11.981201171875 7.1728515625  10.501708984375 5.83984375  8.450927734375 5.83984375  7.044677734375 6.19140625  6.385498046875 6.55029296875 
 0 3 1 1 2 1 4.1358024691358022 1 6.2716049382716044 1 8.4074074074074066 1 10.543209876543209 1 11.864197530864196 1 13.185185185185183 3
1 0 0 1 0 
1 0 -0.59999999999999998 1 0 
1 0 0 1 0 
1 0 -0.59999999999999998 1 0 
1 1.1572265625 0.25634765625 0 1 
1 6.385498046875 5.0634765625 0 1 
1 0 0 1 0 
1 0 -0.59999999999999998 1 0 
7 0 0  2 9 8  1.1572265625 0.25634765625  1.9189453125 0.02197265625  3.34716796875 -0.21240234375  6.03515625 -0.21240234375  8.232421875 1.7431640625  8.232421875 5.22216796875  6.09375 7.22900390625  3.6181640625 7.22900390625  2.9736328125 7.00927734375 
 0 3 1 1 2 1 4.9042553191489358 1 7.8085106382978715 1 10.628409993820075 1 13.448309349342278 1 14.440913922486093 3
7 0 0  2 9 8  6.385498046875 5.0634765625  7.147216796875 4.8291015625  8.575439453125 4.5947265625  11.263427734375 4.5947265625  13.460693359375 6.55029296875  13.460693359375 10.029296875  11.322021484375 12.0361328125  8.846435546875 12.0361328125  8.201904296875 11.81640625 
 0 3 1 1 2 1 4.9042553191489358 1 7.8085106382978715 1 10.628409993820075 1 13.448309349342278 1 14.440913922486093 3
1 0 0 1 0 
1 0 -0.59999999999999998 1 0 
1 0 0 1 0 
1 0 -0.59999999999999998 1 0 
1 2.9736328125 9.68994140625 0 -1 
1 8.201904296875 14.4970703125 0 -1 
1 0 0 1 0 
1 0 -0.59999999999999998 1 0 
1 7.4267578125 9.68994140625 -1 0 
1 12.655029296875 14.4970703125 -1 0 
1 0 0 1 0 
1 0 -0.59999999999999998 1 0 
1 7.4267578125 10.93505859375 0 -1 
1 12.655029296875 15.7421875 0 -1 
1 0 0 1 0 
1 0 -0.59999999999999998 1 0 
1 1.61865234375 10.93505859375 1 0 
1 6.846923828125 15.7421875 1 0 
1 0 0 1 0 
1 0 -0.59999999999999998 1 0 
1 1.61865234375 5.44189453125 0 1 
1 6.846923828125 10.2490234375 0 1 
1 -4.7123889803846897 0 1 0 
2 1.5 1.5 0 -1 1 0 1.5
1 1.5707963267948966 0 0 1 
1 0 1.5 1 0 
1 -1.5707963267948966 0 1 0 
2 1.5 18.5 0 -1 -1 -0 1.5
1 1.5707963267948966 0 0 1 
1 0 1.5 1 0 
1 0 0 0 1 
1 0 0 1 0 
1 0 0 0 1 
1 0 20 1 0 
1 -4.7123889803846897 0 1 0 
2 18.5 1.5 0 -1 -1 -0 1.5
1 -1.5707963267948966 0 1 0 
2 18.5 18.5 0 -1 1 0 1.5
1 0 0 0 -1 
1 20 0 0 1 
1 1.5707963267948966 0 0 1 
1 0 18.5 1 0 
1 1.5707963267948966 0 0 1 
1 0 18.5 1 0 
1 0 0 0 1 
1 0 -1.5 1 0 
1 0 0 0 1 
1 0 -18.5 1 0 
1 0 0 0 -1 
1 0 0 0 -1 
1 13.185185185185183 0 0 -1 
1 1.48681640625 0 0 -1 
1 0 0 0 -1 
1 0 0 0 -1 
1 14.440913922486093 0 0 -1 
1 2.6806640625 0 0 -1 
1 4.453125 0 0 -1 
1 0 0 0 -1 
1 1.2451171875 0 0 -1 
1 0 0 0 -1 
1 5.80810546875 0 0 -1 
1 0 0 0 -1 
1 5.4931640625 0 0 -1 
1 0 0 0 -1 
1 0 0 0 -1 
1 14.440913922486093 0 0 -1 
1 0 0 0 -1 
1 13.185185185185183 0 0 -1 
1 2 0 0 -1 
1 0 0 0 1 
1 0 0 0 1 
1 0 -1.5 1 0 
1 0 0 0 1 
1 0 -18.5 1 0 
1 0 0 0 -1 
1 0 0 0 1 
1 -4.7123889803846897 2 1 0 
2 1.5 1.5 0 -1 1 0 1.5
1 -1.5707963267948966 2 1 0 
2 1.5 18.5 0 -1 -1 -0 1.5
1 2 0 0 1 
1 0 0 1 0 
1 2 0 0 1 
1 0 20 1 0 
1 -4.7123889803846897 2 1 0 
2 18.5 1.5 0 -1 -1 -0 1.5
1 -1.5707963267948966 2 1 0 
2 18.5 18.5 0 -1 1 0 1.5
1 2 0 0 -1 
1 20 0 0 1 
1 0 0 1 0 
1 0 -0.59999999999999998 1 0 
7 0 0  2 14 13  7.88818359375 10.693359375  7.27294921875 10.9130859375  6.1376953125 11.1328125  3.50830078125 11.1328125  1.04736328125 8.04931640625  1.04736328125 2.6953125  3.05419921875 -0.21240234375  6.6064453125 -0.21240234375  8.5986328125 1.82373046875  8.5986328125 5.2294921875  6.68701171875 7.22900390625  4.25537109375 7.22900390625  2.95166015625 6.5478515625  2.51953125 5.91064453125 
 0 3 1 1 2 1 5.723684210526315 1 9.4473684210526301 1 13.41298691644365 1 17.37860541183467 1 20.838952052600579 1 24.299298693366488 1 27.834870261105568 1 31.370441828844648 1 33.051802529947231 1 34.733163231049815 3
7 0 0  2 14 13  13.116455078125 15.50048828125  12.501220703125 15.72021484375  11.365966796875 15.93994140625  8.736572265625 15.93994140625  6.275634765625 12.8564453125  6.275634765625 7.50244140625  8.282470703125 4.5947265625  11.834716796875 4.5947265625  13.826904296875 6.630859375  13.826904296875 10.03662109375  11.915283203125 12.0361328125  9.483642578125 12.0361328125  8.179931640625 11.35498046875  7.747802734375 10.7177734375 
 0 3 1 1 2 1 5.723684210526315 1 9.4473684210526301 1 13.41298691644365 1 17.37860541183467 1 20.838952052600579 1 24.299298693366488 1 27.834870261105568 1 31.370441828844648 1 33.051802529947231 1 34.733163231049815 3
1 0 0 1 0 
1 0 -0.59999999999999998 1 0 
1 0 0 1 0 
1 0 -0.59999999999999998 1 0 
7 0 0  2 6 5  2.51953125 5.91064453125  2.62939453125 7.91015625  4.1748046875 9.8876953125  6.1962890625 9.8876953125  7.33154296875 9.609375  7.88818359375 9.345703125 
 0 3 1 1 2 1 2.3799999999999999 1 2.7599999999999998 3
7 0 0  2 6 5  7.747802734375 10.7177734375  7.857666015625 12.71728515625  9.403076171875 14.69482421875  11.424560546875 14.69482421875  12.559814453125 14.41650390625  13.116455078125 14.15283203125 
 0 3 1 1 2 1 2.3799999999999999 1 2.7599999999999998 3
1 0 0 1 0 
1 0 -0.59999999999999998 1 0 
1 0 0 1 0 
1 0 -0.59999999999999998 1 0 
1 7.88818359375 10.693359375 0 -1 
1 13.116455078125 15.50048828125 0 -1 
1 -4.7123889803846897 0 1 0 
2 1.5 1.5 0 -1 1 0 1.5
1 1.5707963267948966 0 0 1 
1 0 1.5 1 0 
1 -1.5707963267948966 0 1 0 
2 1.5 18.5 0 -1 -1 -0 1.5
1 1.5707963267948966 0 0 1 
1 0 1.5 1 0 
1 0 0 0 1 
1 0 0 1 0 
1 0 0 0 1 
1 0 20 1 0 
1 -4.7123889803846897 0 1 0 
2 18.5 1.5 0 -1 -1 -0 1.5
1 -1.5707963267948966 0 1 0 
2 18.5 18.5 0 -1 1 0 1.5
1 0 0 0 -1 
1 20 0 0 1 
1 1.5707963267948966 0 0 1 
1 0 18.5 1 0 
1 1.5707963267948966 0 0 1 
1 0 18.5 1 0 
1 0 0 0 1 
1 0 -1.5 1 0 
1 0 0 0 1 
1 0 -18.5 1 0 
1 0 0 0 -1 
1 0 0 0 -1 
1 0 0 0 -1 
1 34.733163231049815 0 0 -1 
1 2.7599999999999998 0 0 -1 
1 1.34765625 0 0 -1 
1 0 0 1 0 
1 0 -0.59999999999999998 1 0 
7 0 0  2 10 9  4.951171875 6.05712890625  5.947265625 6.05712890625  7.11181640625 4.69482421875  7.11181640625 2.3291015625  5.947265625 0.95947265625  3.955078125 0.95947265625  2.79052734375 2.3291015625  2.79052734375 4.69482421875  3.955078125 6.05712890625  4.951171875 6.05712890625 
 0 3 1 1 2 1 2.9938271604938271 1 3.9876543209876543 1 4.981481481481481 1 5.9753086419753076 1 6.9753086419753068 1 7.9753086419753059 3
7 0 0  2 10 9  10.179443359375 10.8642578125  11.175537109375 10.8642578125  12.340087890625 9.501953125  12.340087890625 7.13623046875  11.175537109375 5.7666015625  9.183349609375 5.7666015625  8.018798828125 7.13623046875  8.018798828125 9.501953125  9.183349609375 10.8642578125  10.179443359375 10.8642578125 
 0 3 1 1 2 1 2.9938271604938271 1 3.9876543209876543 1 4.981481481481481 1 5.9753086419753076 1 6.9753086419753068 1 7.9753086419753059 3
1 0 0 1 0 
1 0 -0.59999999999999998 1 0 
1 0 0 0 -1 
1 7.9753086419753059 0 0 -1 
1 0 0 0 -1 
1 2.7599999999999998 0 0 -1 
1 0 0 0 -1 
1 34.733163231049815 0 0 -1 
1 0 0 0 -1 
1 7.9753086419753059 0 0 -1 
1 2 0 0 -1 
1 0 0 0 1 
1 0 0 0 1 
1 0 -1.5 1 0 
1 0 0 0 1 
1 0 -18.5 1 0 
1 0 0 0 -1 
1 0 0 0 1 
1 -4.7123889803846897 2 1 0 
2 1.5 1.5 0 -1 1 0 1.5
1 -1.5707963267948966 2 1 0 
2 1.5 18.5 0 -1 -1 -0 1.5
1 2 0 0 1 
1 0 0 1 0 
1 2 0 0 1 
1 0 20 1 0 
1 -4.7123889803846897 2 1 0 
2 18.5 1.5 0 -1 -1 -0 1.5
1 -1.5707963267948966 2 1 0 
2 18.5 18.5 0 -1 1 0 1.5
1 2 0 0 -1 
1 20 0 0 1 
1 0 0 1 0 
1 0 -0.59999999999999998 1 0 
1 6.48193359375 9.68994140625 -1 0 
1 11.710205078125 14.4970703125 -1 0 
1 0 0 1 0 
1 0 -0.59999999999999998 1 0 
1 2.74658203125 0 0.35968788153351716 0.9330726809193004 
1 7.974853515625 4.80712890625 0.35968788153351716 0.9330726809193004 
1 0 0 1 0 
1 0 -0.59999999999999998 1 0 
1 4.2919921875 0 -1 0 
1 9.520263671875 4.80712890625 -1 0 
1 0 0 1 0 
1 -0 -0.59999999999999998 1 0 
1 8.26171875 10.30517578125 -0.3594679020367253 -0.93315745049017063 
1 13.489990234375 15.1123046875 -0.3594679020367253 -0.93315745049017063 
1 0 0 1 0 
1 0 -0.59999999999999998 1 0 
1 8.26171875 10.93505859375 0 -1 
1 13.489990234375 15.7421875 0 -1 
1 0 0 1 0 
1 0 -0.59999999999999998 1 0 
1 1.23046875 10.93505859375 1 0 
1 6.458740234375 15.7421875 1 0 
1 0 0 1 0 
1 0 -0.59999999999999998 1 0 
1 1.23046875 9.68994140625 0 1 
1 6.458740234375 14.4970703125 0 1 
1 -4.7123889803846897 0 1 0 
2 1.5 1.5 0 -1 1 0 1.5
1 1.5707963267948966 0 0 1 
1 0 1.5 1 0 
1 -1.5707963267948966 0 1 0 
2 1.5 18.5 0 -1 -1 -0 1.5
1 1.5707963267948966 0 0 1 
1 0 1.5 1 0 
1 0 0 0 1 
1 0 0 1 0 
1 0 0 0 1 
1 0 20 1 0 
1 -4.7123889803846897 0 1 0 
2 18.5 1.5 0 -1 -1 -0 1.5
1 -1.5707963267948966 0 1 0 
2 18.5 18.5 0 -1 1 0 1.5
1 0 0 0 -1 
1 20 0 0 1 
1 1.5707963267948966 0 0 1 
1 0 18.5 1 0 
1 1.5707963267948966 0 0 1 
1 0 18.5 1 0 
1 0 0 0 1 
1 0 -1.5 1 0 
1 0 0 0 1 
1 0 -18.5 1 0 
1 10.384980296179162 0 0 -1 
1 0 0 0 -1 
1 0 0 0 -1 
1 5.25146484375 0 0 -1 
1 1.54541015625 0 0 -1 
1 0 0 0 -1 
1 11.043340837965639 0 0 -1 
1 0 0 0 -1 
1 0.6298828125 0 0 -1 
1 0 0 0 -1 
1 7.03125 0 0 -1 
1 0 0 0 -1 
1 1.2451171875 0 0 -1 
1 0 0 0 -1 
1 2 0 0 -1 
1 0 0 0 1 
1 0 0 0 1 
1 0 -1.5 1 0 
1 0 0 0 1 
1 0 -18.5 1 0 
1 0 0 0 -1 
1 0 0 0 1 
1 -4.7123889803846897 2 1 0 
2 1.5 1.5 0 -1 1 0 1.5
1 -1.5707963267948966 2 1 0 
2 1.5 18.5 0 -1 -1 -0 1.5
1 2 0 0 1 
1 0 0 1 0 
1 2 0 0 1 
1 0 20 1 0 
1 -4.7123889803846897 2 1 0 
2 18.5 1.5 0 -1 -1 -0 1.5
1 -1.5707963267948966 2 1 0 
2 18.5 18.5 0 -1 1 0 1.5
1 2 0 0 -1 
1 20 0 0 1 
1 0 0 1 0 
1 0 -0.59999999999999998 1 0 
7 0 0  2 10 9  6.2548828125 5.82275390625  7.19970703125 6.05712890625  8.26171875 7.36083984375  8.26171875 9.609375  6.4013671875 11.1328125  3.14208984375 11.1328125  1.2744140625 9.609375  1.2744140625 7.36083984375  2.33642578125 6.05712890625  3.28857421875 5.82275390625 
 0 3 1 1 2 1 3.3984375 1 4.796875 1 6.1890414798206281 1 7.5812079596412563 1 8.5767236547085215 1 9.5722393497757867 3
7 0 0  2 10 9  11.483154296875 10.6298828125  12.427978515625 10.8642578125  13.489990234375 12.16796875  13.489990234375 14.41650390625  11.629638671875 15.93994140625  8.370361328125 15.93994140625  6.502685546875 14.41650390625  6.502685546875 12.16796875  7.564697265625 10.8642578125  8.516845703125 10.6298828125 
 0 3 1 1 2 1 3.3984375 1 4.796875 1 6.1890414798206281 1 7.5812079596412563 1 8.5767236547085215 1 9.5722393497757867 3
1 0 0 1 0 
1 0 -0.59999999999999998 1 0 
1 0 0 1 0 
1 0 -0.59999999999999998 1 0 
7 0 0  2 10 9  3.28857421875 5.82275390625  2.21923828125 5.57373046875  1.01806640625 4.12353515625  1.01806640625 1.48681640625  2.958984375 -0.21240234375  6.5771484375 -0.21240234375  8.51806640625 1.48681640625  8.51806640625 4.12353515625  7.32421875 5.57373046875  6.2548828125 5.82275390625 
 0 3 1 1 2 1 3.5174825174825175 1 5.034965034965035 1 6.5524475524475525 1 8.06993006993007 1 9.06993006993007 1 10.06993006993007 3
7 0 0  2 10 9  8.516845703125 10.6298828125  7.447509765625 10.380859375  6.246337890625 8.9306640625  6.246337890625 6.2939453125  8.187255859375 4.5947265625  11.805419921875 4.5947265625  13.746337890625 6.2939453125  13.746337890625 8.9306640625  12.552490234375 10.380859375  11.483154296875 10.6298828125 
 0 3 1 1 2 1 3.5174825174825175 1 5.034965034965035 1 6.5524475524475525 1 8.06993006993007 1 9.06993006993007 1 10.06993006993007 3
1 0 0 1 0 
1 0 -0.59999999999999998 1 0 
1 -4.7123889803846897 0 1 0 
2 1.5 1.5 0 -1 1 0 1.5
1 1.5707963267948966 0 0 1 
1 0 1.5 1 0 
1 -1.5707963267948966 0 1 0 
2 1.5 18.5 0 -1 -1 -0 1.5
1 1.5707963267948966 0 0 1 
1 0 1.5 1 0 
1 0 0 0 1 
1 0 0 1 0 
1 0 0 0 1 
1 0 20 1 0 
1 -4.7123889803846897 0 1 0 
2 18.5 1.5 0 -1 -1 -0 1.5
1 -1.5707963267948966 0 1 0 
2 18.5 18.5 0 -1 1 0 1.5
1 0 0 0 -1 
1 20 0 0 1 
1 1.5707963267948966 0 0 1 
1 0 18.5 1 0 
1 1.5707963267948966 0 0 1 
1 0 18.5 1 0 
1 0 0 0 1 
1 0 -1.5 1 0 
1 0 0 0 1 
1 0 -18.5 1 0 
1 0 0 0 -1 
1 10.06993006993007 0 0 -1 
1 9.5722393497757867 0 0 -1 
1 0 0 0 -1 
1 0 0 1 0 
1 0 -0.59999999999999998 1 0 
7 0 0  2 10 9  4.76806640625 5.19287109375  5.830078125 5.19287109375  7.03857421875 4.06494140625  7.03857421875 2.0947265625  5.82275390625 0.95947265625  3.71337890625 0.95947265625  2.5048828125 2.08740234375  2.5048828125 4.06494140625  3.71337890625 5.19287109375  4.76806640625 5.19287109375 
 0 3 1 1 2 1 2.9925925925925929 1 3.9851851851851858 1 4.9777777777777787 1 5.9703703703703717 1 6.9629629629629646 1 7.9555555555555575 3
7 0 0  2 10 9  9.996337890625 10  11.058349609375 10  12.266845703125 8.8720703125  12.266845703125 6.90185546875  11.051025390625 5.7666015625  8.941650390625 5.7666015625  7.733154296875 6.89453125  7.733154296875 8.8720703125  8.941650390625 10  9.996337890625 10 
 0 3 1 1 2 1 2.9925925925925929 1 3.9851851851851858 1 4.9777777777777787 1 5.9703703703703717 1 6.9629629629629646 1 7.9555555555555575 3
1 0 0 1 0 
1 0 -0.59999999999999998 1 0 
1 0 0 1 0 
1 0 -0.59999999999999998 1 0 
7 0 0  2 10 9  2.74658203125 8.1591796875  2.74658203125 9.0087890625  3.80859375 9.9609375  5.72021484375 9.9609375  6.796875 9.0087890625  6.796875 7.3095703125  5.72021484375 6.357421875  3.80859375 6.357421875  2.74658203125 7.3095703125  2.74658203125 8.1591796875 
 0 3 1 1 2 1 2.9923664122137406 1 3.9847328244274811 1 4.9770992366412212 1 5.9694656488549613 1 6.9694656488549604 1 7.9694656488549596 3
7 0 0  2 10 9  7.974853515625 12.96630859375  7.974853515625 13.81591796875  9.036865234375 14.76806640625  10.948486328125 14.76806640625  12.025146484375 13.81591796875  12.025146484375 12.11669921875  10.948486328125 11.16455078125  9.036865234375 11.16455078125  7.974853515625 12.11669921875  7.974853515625 12.96630859375 
 0 3 1 1 2 1 2.9923664122137406 1 3.9847328244274811 1 4.9770992366412212 1 5.9694656488549613 1 6.9694656488549604 1 7.9694656488549596 3
1 0 0 1 0 
1 0 -0.59999999999999998 1 0 
1 0 0 0 -1 
1 7.9555555555555575 0 0 -1 
1 0 0 0 -1 
1 7.9694656488549596 0 0 -1 
1 0 0 0 -1 
1 10.06993006993007 0 0 -1 
1 9.5722393497757867 0 0 -1 
1 0 0 0 -1 
1 0 0 0 -1 
1 7.9555555555555575 0 0 -1 
1 0 0 0 -1 
1 7.9694656488549596 0 0 -1 
1 2 0 0 -1 
1 0 0 0 1 
1 0 0 0 1 
1 0 -1.5 1 0 
1 0 0 0 1 
1 0 -18.5 1 0 
1 0 0 0 -1 
1 0 0 0 1 
1 -4.7123889803846897 2 1 0 
2 1.5 1.5 0 -1 1 0 1.5
1 -1.5707963267948966 2 1 0 
2 1.5 18.5 0 -1 -1 -0 1.5
1 2 0 0 1 
1 0 0 1 0 
1 2 0 0 1 
1 0 20 1 0 
1 -4.7123889803846897 2 1 0 
2 18.5 1.5 0 -1 -1 -0 1.5
1 -1.5707963267948966 2 1 0 
2 18.5 18.5 0 -1 1 0 1.5
1 2 0 0 -1 
1 20 0 0 1 
1 0 0 1 0 
1 0 -0.59999999999999998 1 0 
7 0 0  2 14 13  1.64794921875 0.22705078125  2.26318359375 0.00732421875  3.40576171875 -0.21240234375  6.03515625 -0.21240234375  8.48876953125 2.87109375  8.48876953125 8.22509765625  6.4892578125 11.1328125  2.93701171875 11.1328125  0.94482421875 9.0966796875  0.94482421875 5.69091796875  2.8564453125 3.7060546875  5.2880859375 3.7060546875  6.591796875 4.3798828125  7.0166015625 5.009765625 
 0 3 1 1 2 1 5.723684210526315 1 9.4473684210526301 1 13.43476964365588 1 17.42217086625913 1 20.901524828839573 1 24.380878791420017 1 27.935870883621774 1 31.490862975823532 1 33.204877020277948 1 34.918891064732364 3
7 0 0  2 14 13  6.876220703125 5.0341796875  7.491455078125 4.814453125  8.634033203125 4.5947265625  11.263427734375 4.5947265625  13.717041015625 7.67822265625  13.717041015625 13.0322265625  11.717529296875 15.93994140625  8.165283203125 15.93994140625  6.173095703125 13.90380859375  6.173095703125 10.498046875  8.084716796875 8.51318359375  10.516357421875 8.51318359375  11.820068359375 9.18701171875  12.244873046875 9.81689453125 
 0 3 1 1 2 1 5.723684210526315 1 9.4473684210526301 1 13.43476964365588 1 17.42217086625913 1 20.901524828839573 1 24.380878791420017 1 27.935870883621774 1 31.490862975823532 1 33.204877020277948 1 34.918891064732364 3
1 0 0 1 0 
1 0 -0.59999999999999998 1 0 
1 0 0 1 0 
1 0 -0.59999999999999998 1 0 
7 0 0  2 6 5  7.0166015625 5.009765625  6.90673828125 3.0029296875  5.361328125 1.03271484375  3.34716796875 1.03271484375  2.20458984375 1.31103515625  1.64794921875 1.57470703125 
 0 3 1 1 2 1 2.375 1 2.75 3
7 0 0  2 6 5  12.244873046875 9.81689453125  12.135009765625 7.81005859375  10.589599609375 5.83984375  8.575439453125 5.83984375  7.432861328125 6.1181640625  6.876220703125 6.3818359375 
 0 3 1 1 2 1 2.375 1 2.75 3
1 0 0 1 0 
1 0 -0.59999999999999998 1 0 
1 0 0 1 0 
1 0 -0.59999999999999998 1 0 
1 1.64794921875 0.22705078125 0 1 
1 6.876220703125 5.0341796875 0 1 
1 -4.7123889803846897 0 1 0 
2 1.5 1.5 0 -1 1 0 1.5
1 1.5707963267948966 0 0 1 
1 0 1.5 1 0 
1 -1.5707963267948966 0 1 0 
2 1.5 18.5 0 -1 -1 -0 1.5
1 1.5707963267948966 0 0 1 
1 0 1.5 1 0 
1 0 0 0 1 
1 0 0 1 0 
1 0 0 0 1 
1 0 20 1 0 
1 -4.7123889803846897 0 1 0 
2 18.5 1.5 0 -1 -1 -0 1.5
1 -1.5707963267948966 0 1 0 
2 18.5 18.5 0 -1 1 0 1.5
1 0 0 0 -1 
1 20 0 0 1 
1 1.5707963267948966 0 0 1 
1 0 18.5 1 0 
1 1.5707963267948966 0 0 1 
1 0 18.5 1 0 
1 0 0 0 1 
1 0 -1.5 1 0 
1 0 0 0 1 
1 0 -18.5 1 0 
1 0 0 0 -1 
1 0 0 0 -1 
1 0 0 0 -1 
1 34.918891064732364 0 0 -1 
1 2.75 0 0 -1 
1 1.34765625 0 0 -1 
1 0 0 1 0 
1 0 -0.59999999999999998 1 0 
7 0 0  2 10 9  4.59228515625 4.86328125  3.59619140625 4.86328125  2.431640625 6.2255859375  2.431640625 8.59130859375  3.59619140625 9.9609375  5.58837890625 9.9609375  6.7529296875 8.59130859375  6.7529296875 6.2255859375  5.58837890625 4.86328125  4.59228515625 4.86328125 
 0 3 1 1 2 1 2.9938271604938271 1 3.9876543209876543 1 4.981481481481481 1 5.9753086419753076 1 6.9753086419753068 1 7.9753086419753059 3
7 0 0  2 10 9  9.820556640625 9.67041015625  8.824462890625 9.67041015625  7.659912109375 11.03271484375  7.659912109375 13.3984375  8.824462890625 14.76806640625  10.816650390625 14.76806640625  11.981201171875 13.3984375  11.981201171875 11.03271484375  10.816650390625 9.67041015625  9.820556640625 9.67041015625 
 0 3 1 1 2 1 2.9938271604938271 1 3.9876543209876543 1 4.981481481481481 1 5.9753086419753076 1 6.9753086419753068 1 7.9753086419753059 3
1 0 0 1 0 
1 0 -0.59999999999999998 1 0 
1 0 0 0 -1 
1 7.9753086419753059 0 0 -1 
1 0 0 0 -1 
1 2.75 0 0 -1 
1 0 0 0 -1 
1 34.918891064732364 0 0 -1 
1 0 0 0 -1 
1 7.9753086419753059 0 0 -1 
Curves 426
1 0 0 2 -0 1 0 
1 -10 -8.5 -1 0 0 1 
1 -10 8.5 -1 0 0 1 
1 0 0 0 -0 1 0 
8 4.7123889803846897 6.2831853071795862
2 -8.5 -8.5 1 0 0 1 0 -1 0 1 0 -0 1.5
8 1.5707963267948966 3.1415926535897931
2 -8.5 8.5 1 -0 -0 -1 0 -1 0 -1 0 0 1.5
1 0 0 2 1 0 -0 
1 0 20 2 1 0 -0 
8 4.7123889803846897 6.2831853071795862
2 8.5 -8.5 1 -0 -0 -1 0 -1 0 -1 0 0 1.5
8 1.5707963267948966 3.1415926535897931
2 8.5 8.5 1 0 0 1 0 -1 0 1 0 -0 1.5
1 20 0 2 -0 1 0 
1 8.1591796875 0 0 -1 0 0 
1 8.1591796875 1.2451171875 0 0 -1 0 
1 5.7421875 1.2451171875 0 1 0 0 
1 5.7421875 10.93505859375 0 0 -1 0 
1 4.2626953125 10.93505859375 0 1 0 0 
1 1.64794921875 10.40771484375 0 0.98026256915446341 0.19770001394711867 0 
1 1.64794921875 9.06005859375 0 0 1 0 
1 4.27734375 9.58740234375 0 -0.98047549159044145 -0.19664132421869579 0 
1 4.27734375 1.2451171875 0 0 1 0 
1 1.8603515625 1.2451171875 0 1 0 0 
1 1.8603515625 0 0 0 1 0 
8 4.7123889803846897 6.2831853071795862
2 -8.5 -8.5 -1 0 0 1 0 -1 0 1 0 -0 1.5
1 -8.5 -10 -1 0 0 1 
8 1.5707963267948966 3.1415926535897931
2 -8.5 8.5 -1 -0 -0 -1 0 -1 0 -1 0 0 1.5
1 -8.5 10 -1 0 0 1 
1 0 0 0 1 0 -0 
1 0 20 0 1 0 -0 
8 4.7123889803846897 6.2831853071795862
2 8.5 -8.5 -1 -0 -0 -1 0 -1 0 -1 0 0 1.5
8 1.5707963267948966 3.1415926535897931
2 8.5 8.5 -1 0 0 1 0 -1 0 1 0 -0 1.5
1 20 0 0 -0 1 0 
1 8.5 -10 -1 0 0 1 
1 8.5 10 -1 0 0 1 
1 10 -8.5 -1 0 0 1 
1 10 8.5 -1 0 0 1 
1 3.387451171875 -5.19287109375 1 -0 -0 -1 
1 -2.911376953125 -5.19287109375 1 -0 -0 -1 
1 3.387451171875 -3.94775390625 1 -0 -0 -1 
1 0.970458984375 -3.94775390625 1 -0 -0 -1 
1 0.970458984375 5.7421875 1 -0 -0 -1 
1 -0.509033203125 5.7421875 1 -0 -0 -1 
1 -3.123779296875 5.21484375 1 -0 -0 -1 
1 -3.123779296875 3.8671875 1 -0 -0 -1 
1 -0.494384765625 4.39453125 1 -0 -0 -1 
1 -0.494384765625 -3.94775390625 1 -0 -0 -1 
1 -2.911376953125 -3.94775390625 1 -0 -0 -1 
1 -2.911376953125 -5.19287109375 1 -0 -0 -1 
1 -2.911376953125 -3.94775390625 1 -0 -0 -1 
1 -0.494384765625 -3.94775390625 1 -0 -0 -1 
1 -0.494384765625 4.39453125 1 -0 -0 -1 
1 -3.123779296875 3.8671875 1 -0 -0 -1 
1 -3.123779296875 5.21484375 1 -0 -0 -1 
1 -0.509033203125 5.7421875 1 -0 -0 -1 
1 0.970458984375 5.7421875 1 -0 -0 -1 
1 0.970458984375 -3.94775390625 1 -0 -0 -1 
1 3.387451171875 -3.94775390625 1 -0 -0 -1 
1 3.387451171875 -5.19287109375 1 -0 -0 -1 
1 0 0 2 -0 1 0 
1 -10 -8.5 -1 0 0 1 
1 -10 8.5 -1 0 0 1 
1 0 0 0 -0 1 0 
8 4.7123889803846897 6.2831853071795862
2 -8.5 -8.5 1 0 0 1 0 -1 0 1 0 -0 1.5
8 1.5707963267948966 3.1415926535897931
2 -8.5 8.5 1 -0 -0 -1 0 -1 0 -1 0 0 1.5
1 0 0 2 1 0 -0 
1 0 20 2 1 0 -0 
8 4.7123889803846897 6.2831853071795862
2 8.5 -8.5 1 -0 -0 -1 0 -1 0 -1 0 0 1.5
8 1.5707963267948966 3.1415926535897931
2 8.5 8.5 1 0 0 1 0 -1 0 1 0 -0 1.5
1 20 0 2 -0 1 0 
7 0 0  2 4 3  -1.893310546875 -3.94775390625 0  -0.106201171875 -2.1240234375 0  1.856689453125 -0.09521484375 0  2.039794921875 0.1171875 0 
 0 3 1 1 2 3
7 0 0  2 8 7  2.039794921875 0.1171875 0  2.706298828125 0.9375 0  3.211669921875 2.14599609375 0  3.211669921875 4.24072265625 0  1.190185546875 5.93994140625 0  -1.153564453125 5.93994140625 0  -2.706298828125 5.57373046875 0  -3.599853515625 5.21484375 0 
 0 3 1 1 2 1 4.1086956521739131 1 6.2173913043478262 1 7.0172413793103452 1 7.8170914542728642 3
1 1.171875 8.91357421875 0 0 1 0 
7 0 0  2 8 7  -3.599853515625 3.720703125 0  -2.720947265625 4.21142578125 0  -1.175537109375 4.69482421875 0  0.501708984375 4.69482421875 0  1.724853515625 3.59619140625 0  1.724853515625 2.18994140625 0  1.160888671875 1.083984375 0  0.450439453125 0.28564453125 0 
 0 3 1 1 2 1 3.4105263157894736 1 4.8210526315789473 1 5.6863334807607249 1 6.5516143299425025 3
7 0 0  2 4 3  0.450439453125 0.28564453125 0  0.076904296875 -0.13916015625 0  -2.830810546875 -3.076171875 0  -3.673095703125 -3.94775390625 0 
 0 3 1 1 2 3
1 1.0986328125 0 0 0 1 0 
1 8.0419921875 0 0 -1 0 0 
1 8.0419921875 1.2451171875 0 0 -1 0 
1 2.87841796875 1.2451171875 0 1 0 0 
8 4.7123889803846897 6.2831853071795862
2 -8.5 -8.5 -1 0 0 1 0 -1 0 1 0 -0 1.5
1 -8.5 -10 -1 0 0 1 
8 1.5707963267948966 3.1415926535897931
2 -8.5 8.5 -1 -0 -0 -1 0 -1 0 -1 0 0 1.5
1 -8.5 10 -1 0 0 1 
1 0 0 0 1 0 -0 
1 0 20 0 1 0 -0 
8 4.7123889803846897 6.2831853071795862
2 8.5 -8.5 -1 -0 -0 -1 0 -1 0 -1 0 0 1.5
8 1.5707963267948966 3.1415926535897931
2 8.5 8.5 -1 0 0 1 0 -1 0 1 0 -0 1.5
1 20 0 0 -0 1 0 
1 8.5 -10 -1 0 0 1 
1 8.5 10 -1 0 0 1 
1 10 -8.5 -1 0 0 1 
1 10 8.5 -1 0 0 1 
1 -1.893310546875 -3.94775390625 1 -0 -0 -1 
1 2.039794921875 0.1171875 1 -0 -0 -1 
1 -3.599853515625 5.21484375 1 -0 -0 -1 
1 -3.599853515625 3.720703125 1 -0 -0 -1 
1 0.450439453125 0.28564453125 1 -0 -0 -1 
1 -3.673095703125 -3.94775390625 1 -0 -0 -1 
1 -3.673095703125 -5.19287109375 1 -0 -0 -1 
1 3.270263671875 -5.19287109375 1 -0 -0 -1 
1 3.270263671875 -3.94775390625 1 -0 -0 -1 
1 -1.893310546875 -3.94775390625 1 -0 -0 -1 
1 3.270263671875 -3.94775390625 1 -0 -0 -1 
1 3.270263671875 -5.19287109375 1 -0 -0 -1 
1 -3.673095703125 -5.19287109375 1 -0 -0 -1 
1 -3.673095703125 -3.94775390625 1 -0 -0 -1 
1 0.450439453125 0.28564453125 1 -0 -0 -1 
1 -3.599853515625 3.720703125 1 -0 -0 -1 
1 -3.599853515625 5.21484375 1 -0 -0 -1 
1 2.039794921875 0.1171875 1 -0 -0 -1 
1 0 0 2 -0 1 0 
1 -10 -8.5 -1 0 0 1 
1 -10 8.5 -1 0 0 1 
1 0 0 0 -0 1 0 
8 4.7123889803846897 6.2831853071795862
2 -8.5 -8.5 1 0 0 1 0 -1 0 1 0 -0 1.5
8 1.5707963267948966 3.1415926535897931
2 -8.5 8.5 1 -0 -0 -1 0 -1 0 -1 0 0 1.5
1 0 0 2 1 0 -0 
1 0 20 2 1 0 -0 
8 4.7123889803846897 6.2831853071795862
2 8.5 -8.5 1 -0 -0 -1 0 -1 0 -1 0 0 1.5
8 1.5707963267948966 3.1415926535897931
2 8.5 8.5 1 0 0 1 0 -1 0 1 0 -0 1.5
1 20 0 2 -0 1 0 
7 0 0  2 8 7  -3.629150390625 -4.86328125 0  -2.852783203125 -5.13427734375 0  -1.395263671875 -5.4052734375 0  1.343994140625 -5.4052734375 0  3.570556640625 -3.6328125 0  3.570556640625 -0.95947265625 0  2.376708984375 0.47607421875 0  1.314697265625 0.703125 0 
 0 3 1 1 2 1 4.9787234042553195 1 7.9574468085106389 1 9.8983344565322042 1 11.83922210455377 3
7 0 0  2 8 7  1.314697265625 0.703125 0  2.274169921875 0.94482421875 0  3.314208984375 2.197265625 0  3.314208984375 4.4091796875 0  1.351318359375 5.93994140625 0  -0.985107421875 5.93994140625 0  -2.457275390625 5.70556640625 0  -3.299560546875 5.47119140625 0 
 0 3 1 1 2 1 3.435483870967742 1 4.870967741935484 1 5.4264375876577846 1 5.9819074333800852 3
1 1.47216796875 9.345703125 0 0 1 0 
7 0 0  2 8 7  -3.299560546875 4.15283203125 0  -2.464599609375 4.43115234375 0  -1.072998046875 4.69482421875 0  0.648193359375 4.69482421875 0  1.842041015625 3.7939453125 0  1.842041015625 2.13134765625 0  0.684814453125 1.259765625 0  -0.406494140625 1.259765625 0 
 0 3 1 1 2 1 3.8313253012048194 1 5.6626506024096388 1 7.446202200104767 1 9.2297537977998942 3
1 3.0322265625 6.45263671875 0 1 0 0 
1 3.0322265625 5.23681640625 0 0 1 0 
1 4.306640625 5.23681640625 0 -1 0 0 
7 0 0  2 8 7  -0.465087890625 0.0439453125 0  0.743408203125 0.0439453125 0  2.098388671875 -1.04736328125 0  2.098388671875 -3.0615234375 0  0.640869140625 -4.16015625 0  -1.549072265625 -4.16015625 0  -3.013916015625 -3.7939453125 0  -3.629150390625 -3.43505859375 0 
 0 3 1 1 2 1 3.083333333333333 1 4.1666666666666661 1 4.7881578947368411 1 5.409649122807016 3
1 1.142578125 0.32958984375 0 0 1 0 
8 4.7123889803846897 6.2831853071795862
2 -8.5 -8.5 -1 0 0 1 0 -1 0 1 0 -0 1.5
1 -8.5 -10 -1 0 0 1 
8 1.5707963267948966 3.1415926535897931
2 -8.5 8.5 -1 -0 -0 -1 0 -1 0 -1 0 0 1.5
1 -8.5 10 -1 0 0 1 
1 0 0 0 1 0 -0 
1 0 20 0 1 0 -0 
8 4.7123889803846897 6.2831853071795862
2 8.5 -8.5 -1 -0 -0 -1 0 -1 0 -1 0 0 1.5
8 1.5707963267948966 3.1415926535897931
2 8.5 8.5 -1 0 0 1 0 -1 0 1 0 -0 1.5
1 20 0 0 -0 1 0 
1 8.5 -10 -1 0 0 1 
1 8.5 10 -1 0 0 1 
1 10 -8.5 -1 0 0 1 
1 10 8.5 -1 0 0 1 
1 -3.629150390625 -4.86328125 1 -0 -0 -1 
1 1.314697265625 0.703125 1 -0 -0 -1 
1 -3.299560546875 5.47119140625 1 -0 -0 -1 
1 -3.299560546875 4.15283203125 1 -0 -0 -1 
1 -0.406494140625 1.259765625 1 -0 -0 -1 
1 -1.739501953125 1.259765625 1 -0 -0 -1 
1 -1.739501953125 0.0439453125 1 -0 -0 -1 
1 -0.465087890625 0.0439453125 1 -0 -0 -1 
1 -3.629150390625 -3.43505859375 1 -0 -0 -1 
1 -3.629150390625 -4.86328125 1 -0 -0 -1 
1 1.314697265625 0.703125 1 -0 -0 -1 
1 -3.629150390625 -3.43505859375 1 -0 -0 -1 
1 -0.465087890625 0.0439453125 1 -0 -0 -1 
1 -1.739501953125 0.0439453125 1 -0 -0 -1 
1 -1.739501953125 1.259765625 1 -0 -0 -1 
1 -0.406494140625 1.259765625 1 -0 -0 -1 
1 -3.299560546875 4.15283203125 1 -0 -0 -1 
1 -3.299560546875 5.47119140625 1 -0 -0 -1 
1 0 0 2 -0 1 0 
1 -10 -8.5 -1 0 0 1 
1 -10 8.5 -1 0 0 1 
1 0 0 0 -0 1 0 
8 4.7123889803846897 6.2831853071795862
2 -8.5 -8.5 1 0 0 1 0 -1 0 1 0 -0 1.5
8 1.5707963267948966 3.1415926535897931
2 -8.5 8.5 1 -0 -0 -1 0 -1 0 -1 0 0 1.5
1 0 0 2 1 0 -0 
1 0 20 2 1 0 -0 
8 4.7123889803846897 6.2831853071795862
2 8.5 -8.5 1 -0 -0 -1 0 -1 0 -1 0 0 1.5
8 1.5707963267948966 3.1415926535897931
2 8.5 8.5 1 0 0 1 0 -1 0 1 0 -0 1.5
1 20 0 2 -0 1 0 
1 0.732421875 2.578125 0 0 1 0 
1 5.6689453125 2.578125 0 -1 0 0 
1 5.6689453125 0 0 0 1 0 
1 7.14111328125 0 0 -1 0 0 
1 7.14111328125 2.578125 0 0 -1 0 
1 8.701171875 2.578125 0 -1 0 0 
1 8.701171875 3.80859375 0 0 -1 0 
1 7.14111328125 3.80859375 0 1 0 0 
1 7.14111328125 10.93505859375 0 0 -1 0 
1 5.28076171875 10.93505859375 0 1 0 0 
1 0.732421875 4.00634765625 0 0.54877225104530281 0.83597189933793303 0 
8 4.7123889803846897 6.2831853071795862
2 -8.5 -8.5 -1 0 0 1 0 -1 0 1 0 -0 1.5
1 -8.5 -10 -1 0 0 1 
8 1.5707963267948966 3.1415926535897931
2 -8.5 8.5 -1 -0 -0 -1 0 -1 0 -1 0 0 1.5
1 -8.5 10 -1 0 0 1 
1 0 0 0 1 0 -0 
1 0 20 0 1 0 -0 
8 4.7123889803846897 6.2831853071795862
2 8.5 -8.5 -1 -0 -0 -1 0 -1 0 -1 0 0 1.5
8 1.5707963267948966 3.1415926535897931
2 8.5 8.5 -1 0 0 1 0 -1 0 1 0 -0 1.5
1 20 0 0 -0 1 0 
1 8.5 -10 -1 0 0 1 
1 8.5 10 -1 0 0 1 
1 10 -8.5 -1 0 0 1 
1 10 8.5 -1 0 0 1 
1 -4.039306640625 -2.61474609375 1 -0 -0 -1 
1 -4.039306640625 -1.1865234375 1 -0 -0 -1 
1 0.897216796875 -2.61474609375 1 -0 -0 -1 
1 0.897216796875 -5.19287109375 1 -0 -0 -1 
1 2.369384765625 -5.19287109375 1 -0 -0 -1 
1 2.369384765625 -2.61474609375 1 -0 -0 -1 
1 3.929443359375 -2.61474609375 1 -0 -0 -1 
1 3.929443359375 -1.38427734375 1 -0 -0 -1 
1 2.369384765625 -1.38427734375 1 -0 -0 -1 
1 2.369384765625 5.7421875 1 -0 -0 -1 
1 0.509033203125 5.7421875 1 -0 -0 -1 
1 5.6689453125 3.80859375 0 0 1 0 
1 5.6689453125 9.64599609375 0 -0.53899371489641856 -0.84230978582832472 0 
1 1.93359375 3.80859375 0 1 0 0 
1 0.897216796875 -1.38427734375 1 -0 -0 -1 
1 0.897216796875 4.453125 1 -0 -0 -1 
1 -2.838134765625 -1.38427734375 1 -0 -0 -1 
1 -4.039306640625 -1.1865234375 1 -0 -0 -1 
1 0.509033203125 5.7421875 1 -0 -0 -1 
1 2.369384765625 5.7421875 1 -0 -0 -1 
1 2.369384765625 -1.38427734375 1 -0 -0 -1 
1 3.929443359375 -1.38427734375 1 -0 -0 -1 
1 3.929443359375 -2.61474609375 1 -0 -0 -1 
1 2.369384765625 -2.61474609375 1 -0 -0 -1 
1 2.369384765625 -5.19287109375 1 -0 -0 -1 
1 0.897216796875 -5.19287109375 1 -0 -0 -1 
1 0.897216796875 -2.61474609375 1 -0 -0 -1 
1 -4.039306640625 -2.61474609375 1 -0 -0 -1 
1 0.897216796875 -1.38427734375 1 -0 -0 -1 
1 0.897216796875 4.453125 1 -0 -0 -1 
1 -2.838134765625 -1.38427734375 1 -0 -0 -1 
1 0 0 2 -0 1 0 
1 -10 -8.5 -1 0 0 1 
1 -10 8.5 -1 0 0 1 
1 0 0 0 -0 1 0 
8 4.7123889803846897 6.2831853071795862
2 -8.5 -8.5 1 0 0 1 0 -1 0 1 0 -0 1.5
8 1.5707963267948966 3.1415926535897931
2 -8.5 8.5 1 -0 -0 -1 0 -1 0 -1 0 0 1.5
1 0 0 2 1 0 -0 
1 0 20 2 1 0 -0 
8 4.7123889803846897 6.2831853071795862
2 8.5 -8.5 1 -0 -0 -1 0 -1 0 -1 0 0 1.5
8 1.5707963267948966 3.1415926535897931
2 8.5 8.5 1 0 0 1 0 -1 0 1 0 -0 1.5
1 20 0 2 -0 1 0 
7 0 0  2 10 9  -3.153076171875 0.2490234375 0  -2.537841796875 0.52734375 0  -1.358642578125 0.791015625 0  0.501708984375 0.791015625 0  1.981201171875 -0.5419921875 0  1.981201171875 -2.8271484375 0  0.501708984375 -4.16015625 0  -1.549072265625 -4.16015625 0  -2.955322265625 -3.80859375 0  -3.614501953125 -3.44970703125 0 
 0 3 1 1 2 1 4.1358024691358022 1 6.2716049382716044 1 8.4074074074074066 1 10.543209876543209 1 11.864197530864196 1 13.185185185185183 3
1 1.1572265625 0.25634765625 0 0 1 0 
7 0 0  2 9 8  -3.614501953125 -4.9365234375 0  -2.852783203125 -5.1708984375 0  -1.424560546875 -5.4052734375 0  1.263427734375 -5.4052734375 0  3.460693359375 -3.44970703125 0  3.460693359375 0.029296875 0  1.322021484375 2.0361328125 0  -1.153564453125 2.0361328125 0  -1.798095703125 1.81640625 0 
 0 3 1 1 2 1 4.9042553191489358 1 7.8085106382978715 1 10.628409993820075 1 13.448309349342278 1 14.440913922486093 3
1 2.9736328125 9.68994140625 0 0 -1 0 
1 7.4267578125 9.68994140625 0 -1 0 0 
1 7.4267578125 10.93505859375 0 0 -1 0 
1 1.61865234375 10.93505859375 0 1 0 0 
1 1.61865234375 5.44189453125 0 0 1 0 
8 4.7123889803846897 6.2831853071795862
2 -8.5 -8.5 -1 0 0 1 0 -1 0 1 0 -0 1.5
1 -8.5 -10 -1 0 0 1 
8 1.5707963267948966 3.1415926535897931
2 -8.5 8.5 -1 -0 -0 -1 0 -1 0 -1 0 0 1.5
1 -8.5 10 -1 0 0 1 
1 0 0 0 1 0 -0 
1 0 20 0 1 0 -0 
8 4.7123889803846897 6.2831853071795862
2 8.5 -8.5 -1 -0 -0 -1 0 -1 0 -1 0 0 1.5
8 1.5707963267948966 3.1415926535897931
2 8.5 8.5 -1 0 0 1 0 -1 0 1 0 -0 1.5
1 20 0 0 -0 1 0 
1 8.5 -10 -1 0 0 1 
1 8.5 10 -1 0 0 1 
1 10 -8.5 -1 0 0 1 
1 10 8.5 -1 0 0 1 
1 -3.153076171875 0.2490234375 1 -0 -0 -1 
1 -3.614501953125 -3.44970703125 1 -0 -0 -1 
1 -3.614501953125 -4.9365234375 1 -0 -0 -1 
1 -1.798095703125 1.81640625 1 -0 -0 -1 
1 -1.798095703125 4.4970703125 1 -0 -0 -1 
1 2.655029296875 4.4970703125 1 -0 -0 -1 
1 2.655029296875 5.7421875 1 -0 -0 -1 
1 -3.153076171875 5.7421875 1 -0 -0 -1 
1 -3.153076171875 0.2490234375 1 -0 -0 -1 
1 -3.153076171875 5.7421875 1 -0 -0 -1 
1 2.655029296875 5.7421875 1 -0 -0 -1 
1 2.655029296875 4.4970703125 1 -0 -0 -1 
1 -1.798095703125 4.4970703125 1 -0 -0 -1 
1 -1.798095703125 1.81640625 1 -0 -0 -1 
1 -3.614501953125 -4.9365234375 1 -0 -0 -1 
1 -3.614501953125 -3.44970703125 1 -0 -0 -1 
1 0 0 2 -0 1 0 
1 -10 -8.5 -1 0 0 1 
1 -10 8.5 -1 0 0 1 
1 0 0 0 -0 1 0 
8 4.7123889803846897 6.2831853071795862
2 -8.5 -8.5 1 0 0 1 0 -1 0 1 0 -0 1.5
8 1.5707963267948966 3.1415926535897931
2 -8.5 8.5 1 -0 -0 -1 0 -1 0 -1 0 0 1.5
1 0 0 2 1 0 -0 
1 0 20 2 1 0 -0 
8 4.7123889803846897 6.2831853071795862
2 8.5 -8.5 1 -0 -0 -1 0 -1 0 -1 0 0 1.5
8 1.5707963267948966 3.1415926535897931
2 8.5 8.5 1 0 0 1 0 -1 0 1 0 -0 1.5
1 20 0 2 -0 1 0 
7 0 0  2 14 13  3.116455078125 5.50048828125 0  2.501220703125 5.72021484375 0  1.365966796875 5.93994140625 0  -1.263427734375 5.93994140625 0  -3.724365234375 2.8564453125 0  -3.724365234375 -2.49755859375 0  -1.717529296875 -5.4052734375 0  1.834716796875 -5.4052734375 0  3.826904296875 -3.369140625 0  3.826904296875 0.03662109375 0  1.915283203125 2.0361328125 0  -0.516357421875 2.0361328125 0  -1.820068359375 1.35498046875 0  -2.252197265625 0.7177734375 0 
 0 3 1 1 2 1 5.723684210526315 1 9.4473684210526301 1 13.41298691644365 1 17.37860541183467 1 20.838952052600579 1 24.299298693366488 1 27.834870261105568 1 31.370441828844648 1 33.051802529947231 1 34.733163231049815 3
7 0 0  2 6 5  -2.252197265625 0.7177734375 0  -2.142333984375 2.71728515625 0  -0.596923828125 4.69482421875 0  1.424560546875 4.69482421875 0  2.559814453125 4.41650390625 0  3.116455078125 4.15283203125 0 
 0 3 1 1 2 1 2.3799999999999999 1 2.7599999999999998 3
1 7.88818359375 10.693359375 0 0 -1 0 
8 4.7123889803846897 6.2831853071795862
2 -8.5 -8.5 -1 0 0 1 0 -1 0 1 0 -0 1.5
1 -8.5 -10 -1 0 0 1 
8 1.5707963267948966 3.1415926535897931
2 -8.5 8.5 -1 -0 -0 -1 0 -1 0 -1 0 0 1.5
1 -8.5 10 -1 0 0 1 
1 0 0 0 1 0 -0 
1 0 20 0 1 0 -0 
8 4.7123889803846897 6.2831853071795862
2 8.5 -8.5 -1 -0 -0 -1 0 -1 0 -1 0 0 1.5
8 1.5707963267948966 3.1415926535897931
2 8.5 8.5 -1 0 0 1 0 -1 0 1 0 -0 1.5
1 20 0 0 -0 1 0 
1 8.5 -10 -1 0 0 1 
1 8.5 10 -1 0 0 1 
1 10 -8.5 -1 0 0 1 
1 10 8.5 -1 0 0 1 
1 3.116455078125 5.50048828125 1 -0 -0 -1 
1 -2.252197265625 0.7177734375 1 -0 -0 -1 
1 3.116455078125 4.15283203125 1 -0 -0 -1 
7 0 0  2 10 9  0.179443359375 0.8642578125 0  1.175537109375 0.8642578125 0  2.340087890625 -0.498046875 0  2.340087890625 -2.86376953125 0  1.175537109375 -4.2333984375 0  -0.816650390625 -4.2333984375 0  -1.981201171875 -2.86376953125 0  -1.981201171875 -0.498046875 0  -0.816650390625 0.8642578125 0  0.179443359375 0.8642578125 0 
 0 3 1 1 2 1 2.9938271604938271 1 3.9876543209876543 1 4.981481481481481 1 5.9753086419753076 1 6.9753086419753068 1 7.9753086419753059 3
1 0.179443359375 0.8642578125 1 -0 -0 -1 
1 3.116455078125 5.50048828125 1 -0 -0 -1 
1 3.116455078125 4.15283203125 1 -0 -0 -1 
1 -2.252197265625 0.7177734375 1 -0 -0 -1 
1 0.179443359375 0.8642578125 1 -0 -0 -1 
1 0 0 2 -0 1 0 
1 -10 -8.5 -1 0 0 1 
1 -10 8.5 -1 0 0 1 
1 0 0 0 -0 1 0 
8 4.7123889803846897 6.2831853071795862
2 -8.5 -8.5 1 0 0 1 0 -1 0 1 0 -0 1.5
8 1.5707963267948966 3.1415926535897931
2 -8.5 8.5 1 -0 -0 -1 0 -1 0 -1 0 0 1.5
1 0 0 2 1 0 -0 
1 0 20 2 1 0 -0 
8 4.7123889803846897 6.2831853071795862
2 8.5 -8.5 1 -0 -0 -1 0 -1 0 -1 0 0 1.5
8 1.5707963267948966 3.1415926535897931
2 8.5 8.5 1 0 0 1 0 -1 0 1 0 -0 1.5
1 20 0 2 -0 1 0 
1 6.48193359375 9.68994140625 0 -1 0 0 
1 2.74658203125 0 0 0.35968788153351716 0.9330726809193004 0 
1 4.2919921875 0 0 -1 0 0 
1 8.26171875 10.30517578125 0 -0.3594679020367253 -0.93315745049017063 0 
1 8.26171875 10.93505859375 0 0 -1 0 
1 1.23046875 10.93505859375 0 1 0 0 
1 1.23046875 9.68994140625 0 0 1 0 
8 4.7123889803846897 6.2831853071795862
2 -8.5 -8.5 -1 0 0 1 0 -1 0 1 0 -0 1.5
1 -8.5 -10 -1 0 0 1 
8 1.5707963267948966 3.1415926535897931
2 -8.5 8.5 -1 -0 -0 -1 0 -1 0 -1 0 0 1.5
1 -8.5 10 -1 0 0 1 
1 0 0 0 1 0 -0 
1 0 20 0 1 0 -0 
8 4.7123889803846897 6.2831853071795862
2 8.5 -8.5 -1 -0 -0 -1 0 -1 0 -1 0 0 1.5
8 1.5707963267948966 3.1415926535897931
2 8.5 8.5 -1 0 0 1 0 -1 0 1 0 -0 1.5
1 20 0 0 -0 1 0 
1 8.5 -10 -1 0 0 1 
1 8.5 10 -1 0 0 1 
1 10 -8.5 -1 0 0 1 
1 10 8.5 -1 0 0 1 
1 1.710205078125 4.4970703125 1 -0 -0 -1 
1 -3.541259765625 4.4970703125 1 -0 -0 -1 
1 -2.025146484375 -5.19287109375 1 -0 -0 -1 
1 -0.479736328125 -5.19287109375 1 -0 -0 -1 
1 3.489990234375 5.1123046875 1 -0 -0 -1 
1 3.489990234375 5.7421875 1 -0 -0 -1 
1 -3.541259765625 5.7421875 1 -0 -0 -1 
1 -3.541259765625 4.4970703125 1 -0 -0 -1 
1 -3.541259765625 5.7421875 1 -0 -0 -1 
1 3.489990234375 5.7421875 1 -0 -0 -1 
1 3.489990234375 5.1123046875 1 -0 -0 -1 
1 -0.479736328125 -5.19287109375 1 -0 -0 -1 
1 -2.025146484375 -5.19287109375 1 -0 -0 -1 
1 1.710205078125 4.4970703125 1 -0 -0 -1 
1 0 0 2 -0 1 0 
1 -10 -8.5 -1 0 0 1 
1 -10 8.5 -1 0 0 1 
1 0 0 0 -0 1 0 
8 4.7123889803846897 6.2831853071795862
2 -8.5 -8.5 1 0 0 1 0 -1 0 1 0 -0 1.5
8 1.5707963267948966 3.1415926535897931
2 -8.5 8.5 1 -0 -0 -1 0 -1 0 -1 0 0 1.5
1 0 0 2 1 0 -0 
1 0 20 2 1 0 -0 
8 4.7123889803846897 6.2831853071795862
2 8.5 -8.5 1 -0 -0 -1 0 -1 0 -1 0 0 1.5
8 1.5707963267948966 3.1415926535897931
2 8.5 8.5 1 0 0 1 0 -1 0 1 0 -0 1.5
1 20 0 2 -0 1 0 
7 0 0  2 10 9  1.483154296875 0.6298828125 0  2.427978515625 0.8642578125 0  3.489990234375 2.16796875 0  3.489990234375 4.41650390625 0  1.629638671875 5.93994140625 0  -1.629638671875 5.93994140625 0  -3.497314453125 4.41650390625 0  -3.497314453125 2.16796875 0  -2.435302734375 0.8642578125 0  -1.483154296875 0.6298828125 0 
 0 3 1 1 2 1 3.3984375 1 4.796875 1 6.1890414798206281 1 7.5812079596412563 1 8.5767236547085215 1 9.5722393497757867 3
7 0 0  2 10 9  -1.483154296875 0.6298828125 0  -2.552490234375 0.380859375 0  -3.753662109375 -1.0693359375 0  -3.753662109375 -3.7060546875 0  -1.812744140625 -5.4052734375 0  1.805419921875 -5.4052734375 0  3.746337890625 -3.7060546875 0  3.746337890625 -1.0693359375 0  2.552490234375 0.380859375 0  1.483154296875 0.6298828125 0 
 0 3 1 1 2 1 3.5174825174825175 1 5.034965034965035 1 6.5524475524475525 1 8.06993006993007 1 9.06993006993007 1 10.06993006993007 3
8 4.7123889803846897 6.2831853071795862
2 -8.5 -8.5 -1 0 0 1 0 -1 0 1 0 -0 1.5
1 -8.5 -10 -1 0 0 1 
8 1.5707963267948966 3.1415926535897931
2 -8.5 8.5 -1 -0 -0 -1 0 -1 0 -1 0 0 1.5
1 -8.5 10 -1 0 0 1 
1 0 0 0 1 0 -0 
1 0 20 0 1 0 -0 
8 4.7123889803846897 6.2831853071795862
2 8.5 -8.5 -1 -0 -0 -1 0 -1 0 -1 0 0 1.5
8 1.5707963267948966 3.1415926535897931
2 8.5 8.5 -1 0 0 1 0 -1 0 1 0 -0 1.5
1 20 0 0 -0 1 0 
1 8.5 -10 -1 0 0 1 
1 8.5 10 -1 0 0 1 
1 10 -8.5 -1 0 0 1 
1 10 8.5 -1 0 0 1 
1 1.483154296875 0.6298828125 1 -0 -0 -1 
1 -1.483154296875 0.6298828125 1 -0 -0 -1 
7 0 0  2 10 9  -0.003662109375 0 0  1.058349609375 0 0  2.266845703125 -1.1279296875 0  2.266845703125 -3.09814453125 0  1.051025390625 -4.2333984375 0  -1.058349609375 -4.2333984375 0  -2.266845703125 -3.10546875 0  -2.266845703125 -1.1279296875 0  -1.058349609375 0 0  -0.003662109375 0 0 
 0 3 1 1 2 1 2.9925925925925929 1 3.9851851851851858 1 4.9777777777777787 1 5.9703703703703717 1 6.9629629629629646 1 7.9555555555555575 3
7 0 0  2 10 9  -2.025146484375 2.96630859375 0  -2.025146484375 3.81591796875 0  -0.963134765625 4.76806640625 0  0.948486328125 4.76806640625 0  2.025146484375 3.81591796875 0  2.025146484375 2.11669921875 0  0.948486328125 1.16455078125 0  -0.963134765625 1.16455078125 0  -2.025146484375 2.11669921875 0  -2.025146484375 2.96630859375 0 
 0 3 1 1 2 1 2.9923664122137406 1 3.9847328244274811 1 4.9770992366412212 1 5.9694656488549613 1 6.9694656488549604 1 7.9694656488549596 3
1 -0.003662109375 0 1 -0 -0 -1 
1 -2.025146484375 2.96630859375 1 -0 -0 -1 
1 1.483154296875 0.6298828125 1 -0 -0 -1 
1 -1.483154296875 0.6298828125 1 -0 -0 -1 
1 -0.003662109375 0 1 -0 -0 -1 
1 -2.025146484375 2.96630859375 1 -0 -0 -1 
1 0 0 2 -0 1 0 
1 -10 -8.5 -1 0 0 1 
1 -10 8.5 -1 0 0 1 
1 0 0 0 -0 1 0 
8 4.7123889803846897 6.2831853071795862
2 -8.5 -8.5 1 0 0 1 0 -1 0 1 0 -0 1.5
8 1.5707963267948966 3.1415926535897931
2 -8.5 8.5 1 -0 -0 -1 0 -1 0 -1 0 0 1.5
1 0 0 2 1 0 -0 
1 0 20 2 1 0 -0 
8 4.7123889803846897 6.2831853071795862
2 8.5 -8.5 1 -0 -0 -1 0 -1 0 -1 0 0 1.5
8 1.5707963267948966 3.1415926535897931
2 8.5 8.5 1 0 0 1 0 -1 0 1 0 -0 1.5
1 20 0 2 -0 1 0 
7 0 0  2 14 13  -3.123779296875 -4.9658203125 0  -2.508544921875 -5.185546875 0  -1.365966796875 -5.4052734375 0  1.263427734375 -5.4052734375 0  3.717041015625 -2.32177734375 0  3.717041015625 3.0322265625 0  1.717529296875 5.93994140625 0  -1.834716796875 5.93994140625 0  -3.826904296875 3.90380859375 0  -3.826904296875 0.498046875 0  -1.915283203125 -1.48681640625 0  0.516357421875 -1.48681640625 0  1.820068359375 -0.81298828125 0  2.244873046875 -0.18310546875 0 
 0 3 1 1 2 1 5.723684210526315 1 9.4473684210526301 1 13.43476964365588 1 17.42217086625913 1 20.901524828839573 1 24.380878791420017 1 27.935870883621774 1 31.490862975823532 1 33.204877020277948 1 34.918891064732364 3
7 0 0  2 6 5  2.244873046875 -0.18310546875 0  2.135009765625 -2.18994140625 0  0.589599609375 -4.16015625 0  -1.424560546875 -4.16015625 0  -2.567138671875 -3.8818359375 0  -3.123779296875 -3.6181640625 0 
 0 3 1 1 2 1 2.375 1 2.75 3
1 1.64794921875 0.22705078125 0 0 1 0 
8 4.7123889803846897 6.2831853071795862
2 -8.5 -8.5 -1 0 0 1 0 -1 0 1 0 -0 1.5
1 -8.5 -10 -1 0 0 1 
8 1.5707963267948966 3.1415926535897931
2 -8.5 8.5 -1 -0 -0 -1 0 -1 0 -1 0 0 1.5
1 -8.5 10 -1 0 0 1 
1 0 0 0 1 0 -0 
1 0 20 0 1 0 -0 
8 4.7123889803846897 6.2831853071795862
2 8.5 -8.5 -1 -0 -0 -1 0 -1 0 -1 0 0 1.5
8 1.5707963267948966 3.1415926535897931
2 8.5 8.5 -1 0 0 1 0 -1 0 1 0 -0 1.5
1 20 0 0 -0 1 0 
1 8.5 -10 -1 0 0 1 
1 8.5 10 -1 0 0 1 
1 10 -8.5 -1 0 0 1 
1 10 8.5 -1 0 0 1 
1 -3.123779296875 -4.9658203125 1 -0 -0 -1 
1 2.244873046875 -0.18310546875 1 -0 -0 -1 
1 -3.123779296875 -3.6181640625 1 -0 -0 -1 
7 0 0  2 10 9  -0.179443359375 -0.32958984375 0  -1.175537109375 -0.32958984375 0  -2.340087890625 1.03271484375 0  -2.340087890625 3.3984375 0  -1.175537109375 4.76806640625 0  0.816650390625 4.76806640625 0  1.981201171875 3.3984375 0  1.981201171875 1.03271484375 0  0.816650390625 -0.32958984375 0  -0.179443359375 -0.32958984375 0 
 0 3 1 1 2 1 2.9938271604938271 1 3.9876543209876543 1 4.981481481481481 1 5.9753086419753076 1 6.9753086419753068 1 7.9753086419753059 3
1 -0.179443359375 -0.32958984375 1 -0 -0 -1 
1 -3.123779296875 -4.9658203125 1 -0 -0 -1 
1 -3.123779296875 -3.6181640625 1 -0 -0 -1 
1 2.244873046875 -0.18310546875 1 -0 -0 -1 
1 -0.179443359375 -0.32958984375 1 -0 -0 -1 
Polygon3D 0
PolygonOnTriangulations 0
Surfaces 239
1 0 0 0 1 0 -0 0 0 1 0 -1 0 
1 0 0 2 0 0 1 1 0 -0 -0 1 0 
2 -8.5 -8.5 -1 0 0 1 -1 -0 0 0 -1 0 1.5
2 -8.5 8.5 -1 0 0 1 -1 -0 0 -0 1 -0 1.5
1 0 0 0 0 0 1 1 0 -0 -0 1 0 
1 0 0 0 -0 1 0 0 0 1 1 0 -0 
1 0 20 0 -0 1 0 0 0 1 1 0 -0 
2 8.5 -8.5 -1 0 0 1 1 0 -0 0 -1 -0 1.5
2 8.5 8.5 -1 0 0 1 1 0 -0 -0 1 0 1.5
1 20 0 0 1 0 -0 0 0 1 0 -1 0 
1 3.387451171875 -5.19287109375 1 0 1 -0 -1 0 0 0 0 1 
1 0 0 0 0 0 1 1 0 0 0 1 0 
1 3.387451171875 -3.94775390625 1 -1 0 0 0 -1 0 0 0 1 
1 0.970458984375 -3.94775390625 1 0 -1 0 1 0 0 -0 0 1 
1 0.970458984375 5.7421875 1 -1 0 0 0 -1 0 0 0 1 
1 -0.509033203125 5.7421875 1 0 -1 0 1 0 0 -0 0 1 
1 -3.123779296875 5.21484375 1 0.19770001394711867 -0.98026256915446341 0 0.98026256915446341 0.19770001394711867 0 -0 0 1 
1 -3.123779296875 3.8671875 1 1 0 0 -0 1 0 0 -0 1 
1 -0.494384765625 4.39453125 1 -0.19664132421869579 0.98047549159044145 0 -0.98047549159044145 -0.19664132421869579 0 0 0 1 
1 -0.494384765625 -3.94775390625 1 1 0 0 -0 1 0 0 -0 1 
1 -2.911376953125 -3.94775390625 1 0 -1 0 1 0 0 -0 0 1 
1 -2.911376953125 -5.19287109375 1 1 0 0 -0 1 0 0 -0 1 
1 -2.911376953125 -5.19287109375 1 1 0 0 -0 1 0 0 -0 1 
1 -2.911376953125 -3.94775390625 1 0 -1 0 1 0 0 -0 0 1 
1 -0.494384765625 -3.94775390625 1 1 0 0 -0 1 0 0 -0 1 
1 -0.494384765625 4.39453125 1 -0.19664132421869579 0.98047549159044145 0 -0.98047549159044145 -0.19664132421869579 0 0 0 1 
1 -3.123779296875 3.8671875 1 1 0 0 -0 1 0 0 -0 1 
1 -3.123779296875 5.21484375 1 0.19770001394711867 -0.98026256915446341 0 0.98026256915446341 0.19770001394711867 0 -0 0 1 
1 -0.509033203125 5.7421875 1 0 -1 0 1 0 0 -0 0 1 
1 0.970458984375 5.7421875 1 -1 0 0 0 -1 0 0 0 1 
1 0.970458984375 -3.94775390625 1 0 -1 0 1 0 0 -0 0 1 
1 3.387451171875 -3.94775390625 1 -1 0 0 0 -1 0 0 0 1 
1 3.387451171875 -5.19287109375 1 0 1 -0 -1 0 0 0 0 1 
1 0 0 0 1 0 -0 0 0 1 0 -1 0 
1 0 0 2 0 0 1 1 0 -0 -0 1 0 
2 -8.5 -8.5 -1 0 0 1 -1 -0 0 0 -1 0 1.5
2 -8.5 8.5 -1 0 0 1 -1 -0 0 -0 1 -0 1.5
1 0 0 0 0 0 1 1 0 -0 -0 1 0 
1 0 0 0 -0 1 0 0 0 1 1 0 -0 
1 0 20 0 -0 1 0 0 0 1 1 0 -0 
2 8.5 -8.5 -1 0 0 1 1 0 -0 0 -1 -0 1.5
2 8.5 8.5 -1 0 0 1 1 0 -0 -0 1 0 1.5
1 20 0 0 1 0 -0 0 0 1 0 -1 0 
6 0 0 1 
7 0 0  2 4 3  -1.893310546875 -3.94775390625 1  -0.106201171875 -2.1240234375 1  1.856689453125 -0.09521484375 1  2.039794921875 0.1171875 1 
 0 3 1 1 2 3
1 0 0 0 0 0 1 1 0 0 0 1 0 
6 0 0 1 
7 0 0  2 4 3  -1.893310546875 -3.94775390625 1  -0.106201171875 -2.1240234375 1  1.856689453125 -0.09521484375 1  2.039794921875 0.1171875 1 
 0 3 1 1 2 3
6 0 0 1 
7 0 0  2 8 7  2.039794921875 0.1171875 1  2.706298828125 0.9375 1  3.211669921875 2.14599609375 1  3.211669921875 4.24072265625 1  1.190185546875 5.93994140625 1  -1.153564453125 5.93994140625 1  -2.706298828125 5.57373046875 1  -3.599853515625 5.21484375 1 
 0 3 1 1 2 1 4.1086956521739131 1 6.2173913043478262 1 7.0172413793103452 1 7.8170914542728642 3
6 0 0 1 
7 0 0  2 8 7  2.039794921875 0.1171875 1  2.706298828125 0.9375 1  3.211669921875 2.14599609375 1  3.211669921875 4.24072265625 1  1.190185546875 5.93994140625 1  -1.153564453125 5.93994140625 1  -2.706298828125 5.57373046875 1  -3.599853515625 5.21484375 1 
 0 3 1 1 2 1 4.1086956521739131 1 6.2173913043478262 1 7.0172413793103452 1 7.8170914542728642 3
1 -3.599853515625 3.720703125 1 1 0 0 -0 1 0 0 -0 1 
6 0 0 1 
7 0 0  2 8 7  -3.599853515625 3.720703125 1  -2.720947265625 4.21142578125 1  -1.175537109375 4.69482421875 1  0.501708984375 4.69482421875 1  1.724853515625 3.59619140625 1  1.724853515625 2.18994140625 1  1.160888671875 1.083984375 1  0.450439453125 0.28564453125 1 
 0 3 1 1 2 1 3.4105263157894736 1 4.8210526315789473 1 5.6863334807607249 1 6.5516143299425025 3
6 0 0 1 
7 0 0  2 8 7  -3.599853515625 3.720703125 1  -2.720947265625 4.21142578125 1  -1.175537109375 4.69482421875 1  0.501708984375 4.69482421875 1  1.724853515625 3.59619140625 1  1.724853515625 2.18994140625 1  1.160888671875 1.083984375 1  0.450439453125 0.28564453125 1 
 0 3 1 1 2 1 3.4105263157894736 1 4.8210526315789473 1 5.6863334807607249 1 6.5516143299425025 3
6 0 0 1 
7 0 0  2 4 3  0.450439453125 0.28564453125 1  0.076904296875 -0.13916015625 1  -2.830810546875 -3.076171875 1  -3.673095703125 -3.94775390625 1 
 0 3 1 1 2 3
6 0 0 1 
7 0 0  2 4 3  0.450439453125 0.28564453125 1  0.076904296875 -0.13916015625 1  -2.830810546875 -3.076171875 1  -3.673095703125 -3.94775390625 1 
 0 3 1 1 2 3
1 -3.673095703125 -5.19287109375 1 1 0 0 -0 1 0 0 -0 1 
1 3.270263671875 -5.19287109375 1 0 1 -0 -1 0 0 0 0 1 
1 3.270263671875 -3.94775390625 1 -1 0 0 0 -1 0 0 0 1 
1 -1.893310546875 -3.94775390625 1 0 -1 0 1 0 0 -0 0 1 
1 -1.893310546875 -3.94775390625 1 0 -1 0 1 0 0 -0 0 1 
1 3.270263671875 -3.94775390625 1 -1 0 0 0 -1 0 0 0 1 
1 3.270263671875 -5.19287109375 1 0 1 -0 -1 0 0 0 0 1 
1 -3.673095703125 -5.19287109375 1 1 0 0 -0 1 0 0 -0 1 
1 -3.599853515625 3.720703125 1 1 0 0 -0 1 0 0 -0 1 
1 0 0 0 1 0 -0 0 0 1 0 -1 0 
1 0 0 2 0 0 1 1 0 -0 -0 1 0 
2 -8.5 -8.5 -1 0 0 1 -1 -0 0 0 -1 0 1.5
2 -8.5 8.5 -1 0 0 1 -1 -0 0 -0 1 -0 1.5
1 0 0 0 0 0 1 1 0 -0 -0 1 0 
1 0 0 0 -0 1 0 0 0 1 1 0 -0 
1 0 20 0 -0 1 0 0 0 1 1 0 -0 
2 8.5 -8.5 -1 0 0 1 1 0 -0 0 -1 -0 1.5
2 8.5 8.5 -1 0 0 1 1 0 -0 -0 1 0 1.5
1 20 0 0 1 0 -0 0 0 1 0 -1 0 
6 0 0 1 
7 0 0  2 8 7  -3.629150390625 -4.86328125 1  -2.852783203125 -5.13427734375 1  -1.395263671875 -5.4052734375 1  1.343994140625 -5.4052734375 1  3.570556640625 -3.6328125 1  3.570556640625 -0.95947265625 1  2.376708984375 0.47607421875 1  1.314697265625 0.703125 1 
 0 3 1 1 2 1 4.9787234042553195 1 7.9574468085106389 1 9.8983344565322042 1 11.83922210455377 3
1 0 0 0 0 0 1 1 0 0 0 1 0 
6 0 0 1 
7 0 0  2 8 7  -3.629150390625 -4.86328125 1  -2.852783203125 -5.13427734375 1  -1.395263671875 -5.4052734375 1  1.343994140625 -5.4052734375 1  3.570556640625 -3.6328125 1  3.570556640625 -0.95947265625 1  2.376708984375 0.47607421875 1  1.314697265625 0.703125 1 
 0 3 1 1 2 1 4.9787234042553195 1 7.9574468085106389 1 9.8983344565322042 1 11.83922210455377 3
6 0 0 1 
7 0 0  2 8 7  1.314697265625 0.703125 1  2.274169921875 0.94482421875 1  3.314208984375 2.197265625 1  3.314208984375 4.4091796875 1  1.351318359375 5.93994140625 1  -0.985107421875 5.93994140625 1  -2.457275390625 5.70556640625 1  -3.299560546875 5.47119140625 1 
 0 3 1 1 2 1 3.435483870967742 1 4.870967741935484 1 5.4264375876577846 1 5.9819074333800852 3
6 0 0 1 
7 0 0  2 8 7  1.314697265625 0.703125 1  2.274169921875 0.94482421875 1  3.314208984375 2.197265625 1  3.314208984375 4.4091796875 1  1.351318359375 5.93994140625 1  -0.985107421875 5.93994140625 1  -2.457275390625 5.70556640625 1  -3.299560546875 5.47119140625 1 
 0 3 1 1 2 1 3.435483870967742 1 4.870967741935484 1 5.4264375876577846 1 5.9819074333800852 3
1 -3.299560546875 4.15283203125 1 1 0 0 -0 1 0 0 -0 1 
6 0 0 1 
7 0 0  2 8 7  -3.299560546875 4.15283203125 1  -2.464599609375 4.43115234375 1  -1.072998046875 4.69482421875 1  0.648193359375 4.69482421875 1  1.842041015625 3.7939453125 1  1.842041015625 2.13134765625 1  0.684814453125 1.259765625 1  -0.406494140625 1.259765625 1 
 0 3 1 1 2 1 3.8313253012048194 1 5.6626506024096388 1 7.446202200104767 1 9.2297537977998942 3
6 0 0 1 
7 0 0  2 8 7  -3.299560546875 4.15283203125 1  -2.464599609375 4.43115234375 1  -1.072998046875 4.69482421875 1  0.648193359375 4.69482421875 1  1.842041015625 3.7939453125 1  1.842041015625 2.13134765625 1  0.684814453125 1.259765625 1  -0.406494140625 1.259765625 1 
 0 3 1 1 2 1 3.8313253012048194 1 5.6626506024096388 1 7.446202200104767 1 9.2297537977998942 3
1 -1.739501953125 1.259765625 1 0 -1 0 1 0 0 -0 0 1 
1 -1.739501953125 0.0439453125 1 1 0 0 -0 1 0 0 -0 1 
1 -0.465087890625 0.0439453125 1 0 1 -0 -1 0 0 0 0 1 
6 0 0 1 
7 0 0  2 8 7  -0.465087890625 0.0439453125 1  0.743408203125 0.0439453125 1  2.098388671875 -1.04736328125 1  2.098388671875 -3.0615234375 1  0.640869140625 -4.16015625 1  -1.549072265625 -4.16015625 1  -3.013916015625 -3.7939453125 1  -3.629150390625 -3.43505859375 1 
 0 3 1 1 2 1 3.083333333333333 1 4.1666666666666661 1 4.7881578947368411 1 5.409649122807016 3
6 0 0 1 
7 0 0  2 8 7  -0.465087890625 0.0439453125 1  0.743408203125 0.0439453125 1  2.098388671875 -1.04736328125 1  2.098388671875 -3.0615234375 1  0.640869140625 -4.16015625 1  -1.549072265625 -4.16015625 1  -3.013916015625 -3.7939453125 1  -3.629150390625 -3.43505859375 1 
 0 3 1 1 2 1 3.083333333333333 1 4.1666666666666661 1 4.7881578947368411 1 5.409649122807016 3
1 -3.629150390625 -4.86328125 1 1 0 0 -0 1 0 0 -0 1 
1 -3.629150390625 -4.86328125 1 1 0 0 -0 1 0 0 -0 1 
1 -0.465087890625 0.0439453125 1 0 1 -0 -1 0 0 0 0 1 
1 -1.739501953125 0.0439453125 1 1 0 0 -0 1 0 0 -0 1 
1 -1.739501953125 1.259765625 1 0 -1 0 1 0 0 -0 0 1 
1 -3.299560546875 4.15283203125 1 1 0 0 -0 1 0 0 -0 1 
1 0 0 0 1 0 -0 0 0 1 0 -1 0 
1 0 0 2 0 0 1 1 0 -0 -0 1 0 
2 -8.5 -8.5 -1 0 0 1 -1 -0 0 0 -1 0 1.5
2 -8.5 8.5 -1 0 0 1 -1 -0 0 -0 1 -0 1.5
1 0 0 0 0 0 1 1 0 -0 -0 1 0 
1 0 0 0 -0 1 0 0 0 1 1 0 -0 
1 0 20 0 -0 1 0 0 0 1 1 0 -0 
2 8.5 -8.5 -1 0 0 1 1 0 -0 0 -1 -0 1.5
2 8.5 8.5 -1 0 0 1 1 0 -0 -0 1 0 1.5
1 20 0 0 1 0 -0 0 0 1 0 -1 0 
1 -4.039306640625 -2.61474609375 1 1 0 0 -0 1 0 0 -0 1 
1 0 0 0 0 0 1 1 0 0 0 1 0 
1 0.897216796875 -2.61474609375 1 0 1 -0 -1 0 0 0 0 1 
1 0.897216796875 -5.19287109375 1 1 0 0 -0 1 0 0 -0 1 
1 2.369384765625 -5.19287109375 1 0 1 -0 -1 0 0 0 0 1 
1 2.369384765625 -2.61474609375 1 -1 0 0 0 -1 0 0 0 1 
1 3.929443359375 -2.61474609375 1 0 1 -0 -1 0 0 0 0 1 
1 3.929443359375 -1.38427734375 1 -1 0 0 0 -1 0 0 0 1 
1 2.369384765625 -1.38427734375 1 0 -1 0 1 0 0 -0 0 1 
1 2.369384765625 5.7421875 1 -1 0 0 0 -1 0 0 0 1 
1 0.509033203125 5.7421875 1 0 -1 0 1 0 0 -0 0 1 
1 -4.039306640625 -1.1865234375 1 0.83597189933793303 -0.54877225104530281 0 0.54877225104530281 0.83597189933793303 0 -0 0 1 
1 0.897216796875 -1.38427734375 1 1 0 0 -0 1 0 0 -0 1 
1 0.897216796875 4.453125 1 -0.84230978582832472 0.53899371489641856 0 -0.53899371489641856 -0.84230978582832472 0 0 0 1 
1 -2.838134765625 -1.38427734375 1 0 -1 0 1 0 0 -0 0 1 
1 -4.039306640625 -1.1865234375 1 0.83597189933793303 -0.54877225104530281 0 0.54877225104530281 0.83597189933793303 0 -0 0 1 
1 0.509033203125 5.7421875 1 0 -1 0 1 0 0 -0 0 1 
1 2.369384765625 5.7421875 1 -1 0 0 0 -1 0 0 0 1 
1 2.369384765625 -1.38427734375 1 0 -1 0 1 0 0 -0 0 1 
1 3.929443359375 -1.38427734375 1 -1 0 0 0 -1 0 0 0 1 
1 3.929443359375 -2.61474609375 1 0 1 -0 -1 0 0 0 0 1 
1 2.369384765625 -2.61474609375 1 -1 0 0 0 -1 0 0 0 1 
1 2.369384765625 -5.19287109375 1 0 1 -0 -1 0 0 0 0 1 
1 0.897216796875 -5.19287109375 1 1 0 0 -0 1 0 0 -0 1 
1 0.897216796875 -2.61474609375 1 0 1 -0 -1 0 0 0 0 1 
1 -4.039306640625 -2.61474609375 1 1 0 0 -0 1 0 0 -0 1 
1 0.897216796875 -1.38427734375 1 1 0 0 -0 1 0 0 -0 1 
1 0.897216796875 4.453125 1 -0.84230978582832472 0.53899371489641856 0 -0.53899371489641856 -0.84230978582832472 0 0 0 1 
1 -2.838134765625 -1.38427734375 1 0 -1 0 1 0 0 -0 0 1 
1 0 0 0 1 0 -0 0 0 1 0 -1 0 
1 0 0 2 0 0 1 1 0 -0 -0 1 0 
2 -8.5 -8.5 -1 0 0 1 -1 -0 0 0 -1 0 1.5
2 -8.5 8.5 -1 0 0 1 -1 -0 0 -0 1 -0 1.5
1 0 0 0 0 0 1 1 0 -0 -0 1 0 
1 0 0 0 -0 1 0 0 0 1 1 0 -0 
1 0 20 0 -0 1 0 0 0 1 1 0 -0 
2 8.5 -8.5 -1 0 0 1 1 0 -0 0 -1 -0 1.5
2 8.5 8.5 -1 0 0 1 1 0 -0 -0 1 0 1.5
1 20 0 0 1 0 -0 0 0 1 0 -1 0 
6 0 0 1 
7 0 0  2 10 9  -3.153076171875 0.2490234375 1  -2.537841796875 0.52734375 1  -1.358642578125 0.791015625 1  0.501708984375 0.791015625 1  1.981201171875 -0.5419921875 1  1.981201171875 -2.8271484375 1  0.501708984375 -4.16015625 1  -1.549072265625 -4.16015625 1  -2.955322265625 -3.80859375 1  -3.614501953125 -3.44970703125 1 
 0 3 1 1 2 1 4.1358024691358022 1 6.2716049382716044 1 8.4074074074074066 1 10.543209876543209 1 11.864197530864196 1 13.185185185185183 3
1 0 0 0 0 0 1 1 0 0 0 1 0 
6 0 0 1 
7 0 0  2 10 9  -3.153076171875 0.2490234375 1  -2.537841796875 0.52734375 1  -1.358642578125 0.791015625 1  0.501708984375 0.791015625 1  1.981201171875 -0.5419921875 1  1.981201171875 -2.8271484375 1  0.501708984375 -4.16015625 1  -1.549072265625 -4.16015625 1  -2.955322265625 -3.80859375 1  -3.614501953125 -3.44970703125 1 
 0 3 1 1 2 1 4.1358024691358022 1 6.2716049382716044 1 8.4074074074074066 1 10.543209876543209 1 11.864197530864196 1 13.185185185185183 3
1 -3.614501953125 -4.9365234375 1 1 0 0 -0 1 0 0 -0 1 
6 0 0 1 
7 0 0  2 9 8  -3.614501953125 -4.9365234375 1  -2.852783203125 -5.1708984375 1  -1.424560546875 -5.4052734375 1  1.263427734375 -5.4052734375 1  3.460693359375 -3.44970703125 1  3.460693359375 0.029296875 1  1.322021484375 2.0361328125 1  -1.153564453125 2.0361328125 1  -1.798095703125 1.81640625 1 
 0 3 1 1 2 1 4.9042553191489358 1 7.8085106382978715 1 10.628409993820075 1 13.448309349342278 1 14.440913922486093 3
6 0 0 1 
7 0 0  2 9 8  -3.614501953125 -4.9365234375 1  -2.852783203125 -5.1708984375 1  -1.424560546875 -5.4052734375 1  1.263427734375 -5.4052734375 1  3.460693359375 -3.44970703125 1  3.460693359375 0.029296875 1  1.322021484375 2.0361328125 1  -1.153564453125 2.0361328125 1  -1.798095703125 1.81640625 1 
 0 3 1 1 2 1 4.9042553191489358 1 7.8085106382978715 1 10.628409993820075 1 13.448309349342278 1 14.440913922486093 3
1 -1.798095703125 4.4970703125 1 -1 0 0 0 -1 0 0 0 1 
1 2.655029296875 4.4970703125 1 0 1 -0 -1 0 0 0 0 1 
1 2.655029296875 5.7421875 1 -1 0 0 0 -1 0 0 0 1 
1 -3.153076171875 5.7421875 1 0 -1 0 1 0 0 -0 0 1 
1 -3.153076171875 0.2490234375 1 1 0 0 -0 1 0 0 -0 1 
1 -3.153076171875 0.2490234375 1 1 0 0 -0 1 0 0 -0 1 
1 -3.153076171875 5.7421875 1 0 -1 0 1 0 0 -0 0 1 
1 2.655029296875 5.7421875 1 -1 0 0 0 -1 0 0 0 1 
1 2.655029296875 4.4970703125 1 0 1 -0 -1 0 0 0 0 1 
1 -1.798095703125 4.4970703125 1 -1 0 0 0 -1 0 0 0 1 
1 -3.614501953125 -4.9365234375 1 1 0 0 -0 1 0 0 -0 1 
1 0 0 0 1 0 -0 0 0 1 0 -1 0 
1 0 0 2 0 0 1 1 0 -0 -0 1 0 
2 -8.5 -8.5 -1 0 0 1 -1 -0 0 0 -1 0 1.5
2 -8.5 8.5 -1 0 0 1 -1 -0 0 -0 1 -0 1.5
1 0 0 0 0 0 1 1 0 -0 -0 1 0 
1 0 0 0 -0 1 0 0 0 1 1 0 -0 
1 0 20 0 -0 1 0 0 0 1 1 0 -0 
2 8.5 -8.5 -1 0 0 1 1 0 -0 0 -1 -0 1.5
2 8.5 8.5 -1 0 0 1 1 0 -0 -0 1 0 1.5
1 20 0 0 1 0 -0 0 0 1 0 -1 0 
6 0 0 1 
7 0 0  2 14 13  3.116455078125 5.50048828125 1  2.501220703125 5.72021484375 1  1.365966796875 5.93994140625 1  -1.263427734375 5.93994140625 1  -3.724365234375 2.8564453125 1  -3.724365234375 -2.49755859375 1  -1.717529296875 -5.4052734375 1  1.834716796875 -5.4052734375 1  3.826904296875 -3.369140625 1  3.826904296875 0.03662109375 1  1.915283203125 2.0361328125 1  -0.516357421875 2.0361328125 1  -1.820068359375 1.35498046875 1  -2.252197265625 0.7177734375 1 
 0 3 1 1 2 1 5.723684210526315 1 9.4473684210526301 1 13.41298691644365 1 17.37860541183467 1 20.838952052600579 1 24.299298693366488 1 27.834870261105568 1 31.370441828844648 1 33.051802529947231 1 34.733163231049815 3
1 0 0 0 0 0 1 1 0 0 0 1 0 
6 0 0 1 
7 0 0  2 14 13  3.116455078125 5.50048828125 1  2.501220703125 5.72021484375 1  1.365966796875 5.93994140625 1  -1.263427734375 5.93994140625 1  -3.724365234375 2.8564453125 1  -3.724365234375 -2.49755859375 1  -1.717529296875 -5.4052734375 1  1.834716796875 -5.4052734375 1  3.826904296875 -3.369140625 1  3.826904296875 0.03662109375 1  1.915283203125 2.0361328125 1  -0.516357421875 2.0361328125 1  -1.820068359375 1.35498046875 1  -2.252197265625 0.7177734375 1 
 0 3 1 1 2 1 5.723684210526315 1 9.4473684210526301 1 13.41298691644365 1 17.37860541183467 1 20.838952052600579 1 24.299298693366488 1 27.834870261105568 1 31.370441828844648 1 33.051802529947231 1 34.733163231049815 3
6 0 0 1 
7 0 0  2 6 5  -2.252197265625 0.7177734375 1  -2.142333984375 2.71728515625 1  -0.596923828125 4.69482421875 1  1.424560546875 4.69482421875 1  2.559814453125 4.41650390625 1  3.116455078125 4.15283203125 1 
 0 3 1 1 2 1 2.3799999999999999 1 2.7599999999999998 3
6 0 0 1 
7 0 0  2 6 5  -2.252197265625 0.7177734375 1  -2.142333984375 2.71728515625 1  -0.596923828125 4.69482421875 1  1.424560546875 4.69482421875 1  2.559814453125 4.41650390625 1  3.116455078125 4.15283203125 1 
 0 3 1 1 2 1 2.3799999999999999 1 2.7599999999999998 3
1 3.116455078125 5.50048828125 1 -1 0 0 0 -1 0 0 0 1 
6 0 0 1 
7 0 0  2 10 9  0.179443359375 0.8642578125 1  1.175537109375 0.8642578125 1  2.340087890625 -0.498046875 1  2.340087890625 -2.86376953125 1  1.175537109375 -4.2333984375 1  -0.816650390625 -4.2333984375 1  -1.981201171875 -2.86376953125 1  -1.981201171875 -0.498046875 1  -0.816650390625 0.8642578125 1  0.179443359375 0.8642578125 1 
 0 3 1 1 2 1 2.9938271604938271 1 3.9876543209876543 1 4.981481481481481 1 5.9753086419753076 1 6.9753086419753068 1 7.9753086419753059 3
6 0 0 1 
7 0 0  2 10 9  0.179443359375 0.8642578125 1  1.175537109375 0.8642578125 1  2.340087890625 -0.498046875 1  2.340087890625 -2.86376953125 1  1.175537109375 -4.2333984375 1  -0.816650390625 -4.2333984375 1  -1.981201171875 -2.86376953125 1  -1.981201171875 -0.498046875 1  -0.816650390625 0.8642578125 1  0.179443359375 0.8642578125 1 
 0 3 1 1 2 1 2.9938271604938271 1 3.9876543209876543 1 4.981481481481481 1 5.9753086419753076 1 6.9753086419753068 1 7.9753086419753059 3
1 3.116455078125 5.50048828125 1 -1 0 0 0 -1 0 0 0 1 
1 0 0 0 1 0 -0 0 0 1 0 -1 0 
1 0 0 2 0 0 1 1 0 -0 -0 1 0 
2 -8.5 -8.5 -1 0 0 1 -1 -0 0 0 -1 0 1.5
2 -8.5 8.5 -1 0 0 1 -1 -0 0 -0 1 -0 1.5
1 0 0 0 0 0 1 1 0 -0 -0 1 0 
1 0 0 0 -0 1 0 0 0 1 1 0 -0 
1 0 20 0 -0 1 0 0 0 1 1 0 -0 
2 8.5 -8.5 -1 0 0 1 1 0 -0 0 -1 -0 1.5
2 8.5 8.5 -1 0 0 1 1 0 -0 -0 1 0 1.5
1 20 0 0 1 0 -0 0 0 1 0 -1 0 
1 1.710205078125 4.4970703125 1 0 1 -0 -1 0 0 0 0 1 
1 0 0 0 0 0 1 1 0 0 0 1 0 
1 -2.025146484375 -5.19287109375 1 0.9330726809193004 -0.35968788153351716 0 0.35968788153351716 0.9330726809193004 0 -0 0 1 
1 -0.479736328125 -5.19287109375 1 0 1 -0 -1 0 0 0 0 1 
1 3.489990234375 5.1123046875 1 -0.93315745049017063 0.3594679020367253 0 -0.3594679020367253 -0.93315745049017063 0 0 0 1 
1 3.489990234375 5.7421875 1 -1 0 0 0 -1 0 0 0 1 
1 -3.541259765625 5.7421875 1 0 -1 0 1 0 0 -0 0 1 
1 -3.541259765625 4.4970703125 1 1 0 0 -0 1 0 0 -0 1 
1 -3.541259765625 4.4970703125 1 1 0 0 -0 1 0 0 -0 1 
1 -3.541259765625 5.7421875 1 0 -1 0 1 0 0 -0 0 1 
1 3.489990234375 5.7421875 1 -1 0 0 0 -1 0 0 0 1 
1 3.489990234375 5.1123046875 1 -0.93315745049017063 0.3594679020367253 0 -0.3594679020367253 -0.93315745049017063 0 0 0 1 
1 -0.479736328125 -5.19287109375 1 0 1 -0 -1 0 0 0 0 1 
1 -2.025146484375 -5.19287109375 1 0.9330726809193004 -0.35968788153351716 0 0.35968788153351716 0.9330726809193004 0 -0 0 1 
1 1.710205078125 4.4970703125 1 0 1 -0 -1 0 0 0 0 1 
1 0 0 0 1 0 -0 0 0 1 0 -1 0 
1 0 0 2 0 0 1 1 0 -0 -0 1 0 
2 -8.5 -8.5 -1 0 0 1 -1 -0 0 0 -1 0 1.5
2 -8.5 8.5 -1 0 0 1 -1 -0 0 -0 1 -0 1.5
1 0 0 0 0 0 1 1 0 -0 -0 1 0 
1 0 0 0 -0 1 0 0 0 1 1 0 -0 
1 0 20 0 -0 1 0 0 0 1 1 0 -0 
2 8.5 -8.5 -1 0 0 1 1 0 -0 0 -1 -0 1.5
2 8.5 8.5 -1 0 0 1 1 0 -0 -0 1 0 1.5
1 20 0 0 1 0 -0 0 0 1 0 -1 0 
6 0 0 1 
7 0 0  2 10 9  1.483154296875 0.6298828125 1  2.427978515625 0.8642578125 1  3.489990234375 2.16796875 1  3.489990234375 4.41650390625 1  1.629638671875 5.93994140625 1  -1.629638671875 5.93994140625 1  -3.497314453125 4.41650390625 1  -3.497314453125 2.16796875 1  -2.435302734375 0.8642578125 1  -1.483154296875 0.6298828125 1 
 0 3 1 1 2 1 3.3984375 1 4.796875 1 6.1890414798206281 1 7.5812079596412563 1 8.5767236547085215 1 9.5722393497757867 3
1 0 0 0 0 0 1 1 0 0 0 1 0 
6 0 0 1 
7 0 0  2 10 9  1.483154296875 0.6298828125 1  2.427978515625 0.8642578125 1  3.489990234375 2.16796875 1  3.489990234375 4.41650390625 1  1.629638671875 5.93994140625 1  -1.629638671875 5.93994140625 1  -3.497314453125 4.41650390625 1  -3.497314453125 2.16796875 1  -2.435302734375 0.8642578125 1  -1.483154296875 0.6298828125 1 
 0 3 1 1 2 1 3.3984375 1 4.796875 1 6.1890414798206281 1 7.5812079596412563 1 8.5767236547085215 1 9.5722393497757867 3
6 0 0 1 
7 0 0  2 10 9  -1.483154296875 0.6298828125 1  -2.552490234375 0.380859375 1  -3.753662109375 -1.0693359375 1  -3.753662109375 -3.7060546875 1  -1.812744140625 -5.4052734375 1  1.805419921875 -5.4052734375 1  3.746337890625 -3.7060546875 1  3.746337890625 -1.0693359375 1  2.552490234375 0.380859375 1  1.483154296875 0.6298828125 1 
 0 3 1 1 2 1 3.5174825174825175 1 5.034965034965035 1 6.5524475524475525 1 8.06993006993007 1 9.06993006993007 1 10.06993006993007 3
6 0 0 1 
7 0 0  2 10 9  -1.483154296875 0.6298828125 1  -2.552490234375 0.380859375 1  -3.753662109375 -1.0693359375 1  -3.753662109375 -3.7060546875 1  -1.812744140625 -5.4052734375 1  1.805419921875 -5.4052734375 1  3.746337890625 -3.7060546875 1  3.746337890625 -1.0693359375 1  2.552490234375 0.380859375 1  1.483154296875 0.6298828125 1 
 0 3 1 1 2 1 3.5174825174825175 1 5.034965034965035 1 6.5524475524475525 1 8.06993006993007 1 9.06993006993007 1 10.06993006993007 3
6 0 0 1 
7 0 0  2 10 9  -0.003662109375 0 1  1.058349609375 0 1  2.266845703125 -1.1279296875 1  2.266845703125 -3.09814453125 1  1.051025390625 -4.2333984375 1  -1.058349609375 -4.2333984375 1  -2.266845703125 -3.10546875 1  -2.266845703125 -1.1279296875 1  -1.058349609375 0 1  -0.003662109375 0 1 
 0 3 1 1 2 1 2.9925925925925929 1 3.9851851851851858 1 4.9777777777777787 1 5.9703703703703717 1 6.9629629629629646 1 7.9555555555555575 3
6 0 0 1 
7 0 0  2 10 9  -0.003662109375 0 1  1.058349609375 0 1  2.266845703125 -1.1279296875 1  2.266845703125 -3.09814453125 1  1.051025390625 -4.2333984375 1  -1.058349609375 -4.2333984375 1  -2.266845703125 -3.10546875 1  -2.266845703125 -1.1279296875 1  -1.058349609375 0 1  -0.003662109375 0 1 
 0 3 1 1 2 1 2.9925925925925929 1 3.9851851851851858 1 4.9777777777777787 1 5.9703703703703717 1 6.9629629629629646 1 7.9555555555555575 3
6 0 0 1 
7 0 0  2 10 9  -2.025146484375 2.96630859375 1  -2.025146484375 3.81591796875 1  -0.963134765625 4.76806640625 1  0.948486328125 4.76806640625 1  2.025146484375 3.81591796875 1  2.025146484375 2.11669921875 1  0.948486328125 1.16455078125 1  -0.963134765625 1.16455078125 1  -2.025146484375 2.11669921875 1  -2.025146484375 2.96630859375 1 
 0 3 1 1 2 1 2.9923664122137406 1 3.9847328244274811 1 4.9770992366412212 1 5.9694656488549613 1 6.9694656488549604 1 7.9694656488549596 3
6 0 0 1 
7 0 0  2 10 9  -2.025146484375 2.96630859375 1  -2.025146484375 3.81591796875 1  -0.963134765625 4.76806640625 1  0.948486328125 4.76806640625 1  2.025146484375 3.81591796875 1  2.025146484375 2.11669921875 1  0.948486328125 1.16455078125 1  -0.963134765625 1.16455078125 1  -2.025146484375 2.11669921875 1  -2.025146484375 2.96630859375 1 
 0 3 1 1 2 1 2.9923664122137406 1 3.9847328244274811 1 4.9770992366412212 1 5.9694656488549613 1 6.9694656488549604 1 7.9694656488549596 3
1 0 0 0 1 0 -0 0 0 1 0 -1 0 
1 0 0 2 0 0 1 1 0 -0 -0 1 0 
2 -8.5 -8.5 -1 0 0 1 -1 -0 0 0 -1 0 1.5
2 -8.5 8.5 -1 0 0 1 -1 -0 0 -0 1 -0 1.5
1 0 0 0 0 0 1 1 0 -0 -0 1 0 
1 0 0 0 -0 1 0 0 0 1 1 0 -0 
1 0 20 0 -0 1 0 0 0 1 1 0 -0 
2 8.5 -8.5 -1 0 0 1 1 0 -0 0 -1 -0 1.5
2 8.5 8.5 -1 0 0 1 1 0 -0 -0 1 0 1.5
1 20 0 0 1 0 -0 0 0 1 0 -1 0 
6 0 0 1 
7 0 0  2 14 13  -3.123779296875 -4.9658203125 1  -2.508544921875 -5.185546875 1  -1.365966796875 -5.4052734375 1  1.263427734375 -5.4052734375 1  3.717041015625 -2.32177734375 1  3.717041015625 3.0322265625 1  1.717529296875 5.93994140625 1  -1.834716796875 5.93994140625 1  -3.826904296875 3.90380859375 1  -3.826904296875 0.498046875 1  -1.915283203125 -1.48681640625 1  0.516357421875 -1.48681640625 1  1.820068359375 -0.81298828125 1  2.244873046875 -0.18310546875 1 
 0 3 1 1 2 1 5.723684210526315 1 9.4473684210526301 1 13.43476964365588 1 17.42217086625913 1 20.901524828839573 1 24.380878791420017 1 27.935870883621774 1 31.490862975823532 1 33.204877020277948 1 34.918891064732364 3
1 0 0 0 0 0 1 1 0 0 0 1 0 
6 0 0 1 
7 0 0  2 14 13  -3.123779296875 -4.9658203125 1  -2.508544921875 -5.185546875 1  -1.365966796875 -5.4052734375 1  1.263427734375 -5.4052734375 1  3.717041015625 -2.32177734375 1  3.717041015625 3.0322265625 1  1.717529296875 5.93994140625 1  -1.834716796875 5.93994140625 1  -3.826904296875 3.90380859375 1  -3.826904296875 0.498046875 1  -1.915283203125 -1.48681640625 1  0.516357421875 -1.48681640625 1  1.820068359375 -0.81298828125 1  2.244873046875 -0.18310546875 1 
 0 3 1 1 2 1 5.723684210526315 1 9.4473684210526301 1 13.43476964365588 1 17.42217086625913 1 20.901524828839573 1 24.380878791420017 1 27.935870883621774 1 31.490862975823532 1 33.204877020277948 1 34.918891064732364 3
6 0 0 1 
7 0 0  2 6 5  2.244873046875 -0.18310546875 1  2.135009765625 -2.18994140625 1  0.589599609375 -4.16015625 1  -1.424560546875 -4.16015625 1  -2.567138671875 -3.8818359375 1  -3.123779296875 -3.6181640625 1 
 0 3 1 1 2 1 2.375 1 2.75 3
6 0 0 1 
7 0 0  2 6 5  2.244873046875 -0.18310546875 1  2.135009765625 -2.18994140625 1  0.589599609375 -4.16015625 1  -1.424560546875 -4.16015625 1  -2.567138671875 -3.8818359375 1  -3.123779296875 -3.6181640625 1 
 0 3 1 1 2 1 2.375 1 2.75 3
1 -3.123779296875 -4.9658203125 1 1 0 0 -0 1 0 0 -0 1 
6 0 0 1 
7 0 0  2 10 9  -0.179443359375 -0.32958984375 1  -1.175537109375 -0.32958984375 1  -2.340087890625 1.03271484375 1  -2.340087890625 3.3984375 1  -1.175537109375 4.76806640625 1  0.816650390625 4.76806640625 1  1.981201171875 3.3984375 1  1.981201171875 1.03271484375 1  0.816650390625 -0.32958984375 1  -0.179443359375 -0.32958984375 1 
 0 3 1 1 2 1 2.9938271604938271 1 3.9876543209876543 1 4.981481481481481 1 5.9753086419753076 1 6.9753086419753068 1 7.9753086419753059 3
6 0 0 1 
7 0 0  2 10 9  -0.179443359375 -0.32958984375 1  -1.175537109375 -0.32958984375 1  -2.340087890625 1.03271484375 1  -2.340087890625 3.3984375 1  -1.175537109375 4.76806640625 1  0.816650390625 4.76806640625 1  1.981201171875 3.3984375 1  1.981201171875 1.03271484375 1  0.816650390625 -0.32958984375 1  -0.179443359375 -0.32958984375 1 
 0 3 1 1 2 1 2.9938271604938271 1 3.9876543209876543 1 4.981481481481481 1 5.9753086419753076 1 6.9753086419753068 1 7.9753086419753059 3
1 -3.123779296875 -4.9658203125 1 1 0 0 -0 1 0 0 -0 1 
Triangulations 0

TShapes 1206
Ve
1e-07
-10 -8.5 1
0 0

0101101
*
Ve
1e-07
-10 8.5 1
0 0

0101101
*
Ed
 1e-07 1 1 0
1  1 0 1.5 18.5
2  1 1 0 1.5 18.5
2  2 2 0 1.5 18.5
0

0101000
+1206 7 -1205 7 *
Ve
1e-07
-10 -8.5 -1
0 0

0101101
*
Ed
 1e-07 1 1 0
1  2 0 0 2
2  3 3 0 0 2
2  4 1 6 0 2
4 G1 3 0 1 6
0

0101000
+1203 0 -1206 0 *
Ve
1e-07
-10 8.5 -1
0 0

0101101
*
Ed
 1e-07 1 1 0
1  3 0 0 2
2  5 4 0 0 2
2  6 1 6 0 2
4 G1 4 0 1 6
0

0101000
+1201 0 -1205 0 *
Ed
 1e-07 1 1 0
1  4 0 1.5 18.5
2  7 1 0 1.5 18.5
2  8 5 0 1.5 18.5
0

0101000
+1203 7 -1201 7 *
Wi

0101100
-1204 6 -1202 0 +1200 0 +1199 6 *
Fa
0  1e-07 1 0

0101000
+1198 7 *
Ve
1e-07
-8.5 -10 1
0 0

0101101
*
Ed
 1e-07 1 1 0
1  5 0 4.71238898038469 6.28318530717959
2  9 3 0 4.71238898038469 6.28318530717959
2  10 2 6 4.71238898038469 6.28318530717959
0

0101000
+1206 0 -1196 0 *
Ve
1e-07
-8.5 10 1
0 0

0101101
*
Ed
 1e-07 1 1 0
1  6 0 1.5707963267949 3.14159265358979
2  11 4 0 1.5707963267949 3.14159265358979
2  12 2 6 1.5707963267949 3.14159265358979
0

0101000
+1205 0 -1194 0 *
Ve
1e-07
8.5 -10 1
0 0

0101101
*
Ed
 1e-07 1 1 0
1  7 0 1.5 18.5
2  13 6 0 1.5 18.5
2  14 2 0 1.5 18.5
0

0101000
+1196 7 -1192 7 *
Ve
1e-07
8.5 10 1
0 0

0101101
*
Ed
 1e-07 1 1 0
1  8 0 1.5 18.5
2  15 7 0 1.5 18.5
2  16 2 0 1.5 18.5
0

0101000
+1194 7 -1190 7 *
Ve
1e-07
10 -8.5 1
0 0

0101101
*
Ed
 1e-07 1 1 0
1  9 0 4.71238898038469 6.28318530717959
2  17 8 0 4.71238898038469 6.28318530717959
2  18 2 6 4.71238898038469 6.28318530717959
0

0101000
+1188 0 -1192 0 *
Ve
1e-07
10 8.5 1
0 0

0101101
*
Ed
 1e-07 1 1 0
1  10 0 1.5707963267949 3.14159265358979
2  19 9 0 1.5707963267949 3.14159265358979
2  20 2 6 1.5707963267949 3.14159265358979
0

0101000
+1186 0 -1190 0 *
Ed
 1e-07 1 1 0
1  11 0 1.5 18.5
2  21 10 0 1.5 18.5
2  22 2 0 1.5 18.5
0

0101000
+1188 7 -1186 7 *
Wi

0101100
-1204 6 +1195 0 -1193 0 +1191 6 -1189 6 -1187 0 +1185 0 +1184 6 *
Ve
1e-07
3.387451171875 -5.19287109375 0
0 0

0101101
*
Ve
1e-07
-2.911376953125 -5.19287109375 0
0 0

0101101
*
Ed
 1e-07 1 1 0
1  12 0 0 6.298828125
2  23 11 14 0 6.298828125
2  24 11 16 0 6.298828125
2  25 12 0 0 6.298828125
2  26 2 17 0 6.298828125
0

0101000
+1182 18 -1181 18 *
Ve
1e-07
3.387451171875 -3.94775390625 0
0 0

0101101
*
Ed
 1e-07 1 1 0
1  13 0 0 1.2451171875
2  27 13 14 0 1.2451171875
2  28 13 16 0 1.2451171875
2  29 12 0 0 1.2451171875
2  30 2 17 0 1.2451171875
0

0101000
+1179 18 -1182 18 *
Ve
1e-07
0.970458984375 -3.94775390625 0
0 0

0101101
*
Ed
 1e-07 1 1 0
1  14 0 0 2.4169921875
2  31 14 14 0 2.4169921875
2  32 14 16 0 2.4169921875
2  33 12 0 0 2.4169921875
2  34 2 17 0 2.4169921875
0

0101000
+1177 18 -1179 18 *
Ve
1e-07
0.970458984375 5.7421875 0
0 0

0101101
*
Ed
 1e-07 1 1 0
1  15 0 0 9.68994140625
2  35 15 14 0 9.68994140625
2  36 15 16 0 9.68994140625
2  37 12 0 0 9.68994140625
2  38 2 17 0 9.68994140625
0

0101000
+1175 18 -1177 18 *
Ve
1e-07
-0.509033203125 5.7421875 0
0 0

0101101
*
Ed
 1e-07 1 1 0
1  16 0 0 1.4794921875
2  39 16 14 0 1.4794921875
2  40 16 16 0 1.4794921875
2  41 12 0 0 1.4794921875
2  42 2 17 0 1.4794921875
0

0101000
+1173 18 -1175 18 *
Ve
1e-07
-3.123779296875 5.21484375 0
0 0

0101101
*
Ed
 1e-07 1 1 0
1  17 0 0 2.6673935902759
2  43 17 14 0 2.6673935902759
2  44 17 16 0 2.6673935902759
2  45 12 0 0 2.6673935902759
2  46 2 17 0 2.6673935902759
0

0101000
+1171 18 -1173 18 *
Ve
1.00000000222045e-07
-3.123779296875 3.8671875 0
0 0

0101101
*
Ed
 1e-07 1 1 0
1  18 0 0 1.34765625
2  47 18 14 0 1.34765625
2  48 18 16 0 1.34765625
2  49 12 0 0 1.34765625
2  50 2 17 0 1.34765625
0

0101000
+1169 18 -1171 18 *
Ve
1e-07
-0.494384765625 4.39453125 0
0 0

0101101
*
Ed
 1e-07 1 1 0
1  19 0 0 2.68175446893102
2  51 19 14 0 2.68175446893102
2  52 19 16 0 2.68175446893102
2  53 12 0 0 2.68175446893102
2  54 2 17 0 2.68175446893102
0

0101000
+1167 18 -1169 18 *
Ve
1e-07
-0.494384765625 -3.94775390625 0
0 0

0101101
*
Ed
 1e-07 1 1 0
1  20 0 0 8.34228515625
2  55 20 14 0 8.34228515625
2  56 20 16 0 8.34228515625
2  57 12 0 0 8.34228515625
2  58 2 17 0 8.34228515625
0

0101000
+1165 18 -1167 18 *
Ve
1e-07
-2.911376953125 -3.94775390625 0
0 0

0101101
*
Ed
 1e-07 1 1 0
1  21 0 0 2.4169921875
2  59 21 14 0 2.4169921875
2  60 21 16 0 2.4169921875
2  61 12 0 0 2.4169921875
2  62 2 17 0 2.4169921875
0

0101000
+1163 18 -1165 18 *
Ed
 1e-07 1 1 0
1  22 0 0 1.2451171875
2  63 22 14 0 1.2451171875
2  64 22 16 0 1.2451171875
2  65 12 0 0 1.2451171875
2  66 2 17 0 1.2451171875
0

0101000
+1181 18 -1163 18 *
Wi

0101100
+1180 13 +1178 13 +1176 13 +1174 13 +1172 13 +1170 13 +1168 13 +1166 13 +1164 13 +1162 13 
+1161 13 *
Fa
0  1e-07 2 6

0101000
+1183 0 +1160 0 *
Ve
1e-07
-8.5 -10 -1
0 0

0101101
*
Ed
 1e-07 1 1 0
1  23 0 4.71238898038469 6.28318530717959
2  67 3 0 4.71238898038469 6.28318530717959
2  68 5 6 4.71238898038469 6.28318530717959
0

0101000
+1203 0 -1158 0 *
Ed
 1e-07 1 1 0
1  24 0 0 2
2  69 3 0 0 2
2  70 6 6 0 2
4 G1 3 0 6 6
0

0101000
+1158 0 -1196 0 *
Wi

0101100
+1157 0 -1202 0 +1156 0 -1195 0 *
Fa
0  0 3 0

0101000
+1155 0 *
Ve
1e-07
-8.5 10 -1
0 0

0101101
*
Ed
 1e-07 1 1 0
1  25 0 1.5707963267949 3.14159265358979
2  71 4 0 1.5707963267949 3.14159265358979
2  72 5 6 1.5707963267949 3.14159265358979
0

0101000
+1201 0 -1153 0 *
Ed
 1e-07 1 1 0
1  26 0 0 2
2  73 4 0 0 2
2  74 7 6 0 2
4 G1 4 0 7 6
0

0101000
+1153 0 -1194 0 *
Wi

0101100
+1152 0 -1200 0 +1151 0 -1193 0 *
Fa
0  0 4 0

0101000
+1150 0 *
Ve
1e-07
8.5 -10 -1
0 0

0101101
*
Ed
 1e-07 1 1 0
1  27 0 1.5 18.5
2  75 6 0 1.5 18.5
2  76 5 0 1.5 18.5
0

0101000
+1158 7 -1148 7 *
Ve
1e-07
8.5 10 -1
0 0

0101101
*
Ed
 1e-07 1 1 0
1  28 0 1.5 18.5
2  77 7 0 1.5 18.5
2  78 5 0 1.5 18.5
0

0101000
+1153 7 -1146 7 *
Ve
1e-07
10 -8.5 -1
0 0

0101101
*
Ed
 1e-07 1 1 0
1  29 0 4.71238898038469 6.28318530717959
2  79 8 0 4.71238898038469 6.28318530717959
2  80 5 6 4.71238898038469 6.28318530717959
0

0101000
+1144 0 -1148 0 *
Ve
1e-07
10 8.5 -1
0 0

0101101
*
Ed
 1e-07 1 1 0
1  30 0 1.5707963267949 3.14159265358979
2  81 9 0 1.5707963267949 3.14159265358979
2  82 5 6 1.5707963267949 3.14159265358979
0

0101000
+1142 0 -1146 0 *
Ed
 1e-07 1 1 0
1  31 0 1.5 18.5
2  83 10 0 1.5 18.5
2  84 5 0 1.5 18.5
0

0101000
+1144 7 -1142 7 *
Wi

0101100
-1199 6 +1157 0 -1152 0 +1147 6 -1145 6 -1143 0 +1141 0 +1140 6 *
Fa
0  1e-07 5 0

0101000
+1139 7 *
Ed
 1e-07 1 1 0
1  32 0 0 2
2  85 8 0 0 2
2  86 6 6 0 2
4 G1 8 0 6 6
0

0101000
+1148 0 -1192 0 *
Wi

0101100
-1147 6 +1156 0 -1137 0 +1191 6 *
Fa
0  1e-07 6 0

0101000
+1136 7 *
Ed
 1e-07 1 1 0
1  33 0 0 2
2  87 9 0 0 2
2  88 7 6 0 2
4 G1 9 0 7 6
0

0101000
+1146 0 -1190 0 *
Wi

0101100
-1145 6 +1151 0 -1134 0 +1189 6 *
Fa
0  1e-07 7 0

0101000
+1133 7 *
Ed
 1e-07 1 1 0
1  34 0 0 2
2  89 8 0 0 2
2  90 10 6 0 2
4 G1 8 0 10 6
0

0101000
+1144 0 -1188 0 *
Wi

0101100
+1143 0 -1131 0 +1137 0 -1187 0 *
Fa
0  0 8 0

0101000
+1130 0 *
Ed
 1e-07 1 1 0
1  35 0 0 2
2  91 9 0 0 2
2  92 10 6 0 2
4 G1 9 0 10 6
0

0101000
+1142 0 -1186 0 *
Wi

0101100
+1141 0 -1128 0 +1134 0 -1185 0 *
Fa
0  0 9 0

0101000
+1127 0 *
Wi

0101100
-1184 6 -1131 0 +1128 0 +1140 6 *
Fa
0  1e-07 10 0

0101000
+1125 7 *
Ed
 1e-07 1 1 0
1  36 0 0 0.6
2  93 13 0 0 0.6
2  94 11 0 0 0.6
0

0101000
+1182 19 -1182 20 *
Ed
 1e-07 1 1 0
1  37 0 0 0.6
2  95 22 0 0 0.6
2  96 11 0 0 0.6
0

0101000
+1181 19 -1181 20 *
Wi

0101100
+1123 0 -1122 0 -1180 13 +1180 21 *
Fa
0  1e-07 11 0

0101000
+1121 0 *
Ed
 1e-07 1 1 0
1  38 0 0 0.6
2  97 14 0 0 0.6
2  98 13 0 0 0.6
0

0101000
+1179 19 -1179 20 *
Wi

0101100
+1119 0 -1123 0 -1178 13 +1178 21 *
Fa
0  1e-07 13 0

0101000
+1118 0 *
Ed
 1e-07 1 1 0
1  39 0 0 0.6
2  99 15 0 0 0.6
2  100 14 0 0 0.6
0

0101000
+1177 19 -1177 20 *
Wi

0101100
+1116 0 -1119 0 -1176 13 +1176 21 *
Fa
0  1e-07 14 0

0101000
+1115 0 *
Ed
 1e-07 1 1 0
1  40 0 0 0.6
2  101 16 0 0 0.6
2  102 15 0 0 0.6
0

0101000
+1175 19 -1175 20 *
Wi

0101100
+1113 0 -1116 0 -1174 13 +1174 21 *
Fa
0  1e-07 15 0

0101000
+1112 0 *
Ed
 1e-07 1 1 0
1  41 0 0 0.6
2  103 17 0 0 0.6
2  104 16 0 0 0.6
0

0101000
+1173 19 -1173 20 *
Wi

0101100
+1110 0 -1113 0 -1172 13 +1172 21 *
Fa
0  1e-07 16 0

0101000
+1109 0 *
Ed
 1e-07 1 1 0
1  42 0 0 0.6
2  105 18 0 0 0.6
2  106 17 0 0 0.6
0

0101000
+1171 19 -1171 20 *
Wi

0101100
+1107 0 -1110 0 -1170 13 +1170 21 *
Fa
0  1e-07 17 0

0101000
+1106 0 *
Ed
 1.00000000222045e-07 1 1 0
1  43 0 0 0.6
2  107 19 0 0 0.6
2  108 18 0 0 0.6
0

0101000
+1169 19 -1169 20 *
Wi

0101100
+1104 0 -1107 0 -1168 13 +1168 21 *
Fa
0  1e-07 18 0

0101000
+1103 0 *
Ed
 1e-07 1 1 0
1  44 0 0 0.6
2  109 20 0 0 0.6
2  110 19 0 0 0.6
0

0101000
+1167 19 -1167 20 *
Wi

0101100
+1101 0 -1104 0 -1166 13 +1166 21 *
Fa
0  1e-07 19 0

0101000
+1100 0 *
Ed
 1e-07 1 1 0
1  45 0 0 0.6
2  111 21 0 0 0.6
2  112 20 0 0 0.6
0

0101000
+1165 19 -1165 20 *
Wi

0101100
+1098 0 -1101 0 -1164 13 +1164 21 *
Fa
0  1e-07 20 0

0101000
+1097 0 *
Ed
 1e-07 1 1 0
1  46 0 0 0.6
2  113 22 0 0 0.6
2  114 21 0 0 0.6
0

0101000
+1163 19 -1163 20 *
Wi

0101100
+1095 0 -1098 0 -1162 13 +1162 21 *
Fa
0  1e-07 21 0

0101000
+1094 0 *
Wi

0101100
+1122 0 -1095 0 -1161 13 +1161 21 *
Fa
0  1e-07 22 0

0101000
+1092 0 *
Wi

0101100
+1161 0 +1162 0 +1164 0 +1166 0 +1168 0 +1170 0 +1172 0 +1174 0 +1176 0 +1178 0 
+1180 0 *
Fa
0  1e-07 12 0

0101000
-1090 0 *
Sh

0101100
-1197 6 +1159 0 +1154 0 -1149 0 -1138 6 -1135 6 +1132 6 -1129 0 +1126 0 +1124 6 
+1120 0 +1117 0 +1114 0 +1111 0 +1108 0 +1105 0 +1102 0 +1099 0 +1096 0 +1093 0 
+1091 0 +1089 21 *
So

0100000
+1088 0 *
Co

0100000
+1087 0 *
Ed
 1e-07 1 1 0
1  47 0 0 0.6
0

0101000
+1181 26 -1181 28 *
Ed
 1e-07 1 1 0
1  48 0 0 0.6
0

0101000
+1163 26 -1163 28 *
Wi

0101100
+1085 0 -1084 0 -1161 29 +1161 30 *
Fa
0  1e-07 23 0

0101000
+1083 0 *
Ed
 1e-07 1 1 0
1  49 0 0 0.6
0

0101000
+1165 26 -1165 28 *
Wi

0101100
+1084 0 -1081 0 -1162 29 +1162 30 *
Fa
0  1e-07 24 0

0101000
+1080 0 *
Ed
 1e-07 1 1 0
1  50 0 0 0.6
0

0101000
+1167 26 -1167 28 *
Wi

0101100
+1081 0 -1078 0 -1164 29 +1164 30 *
Fa
0  1e-07 25 0

0101000
+1077 0 *
Ed
 1.00000000222045e-07 1 1 0
1  51 0 0 0.6
0

0101000
+1169 26 -1169 28 *
Wi

0101100
+1078 0 -1075 0 -1166 29 +1166 30 *
Fa
0  1e-07 26 0

0101000
+1074 0 *
Ed
 1e-07 1 1 0
1  52 0 0 0.6
0

0101000
+1171 26 -1171 28 *
Wi

0101100
+1075 0 -1072 0 -1168 29 +1168 30 *
Fa
0  1e-07 27 0

0101000
+1071 0 *
Ed
 1e-07 1 1 0
1  53 0 0 0.6
0

0101000
+1173 26 -1173 28 *
Wi

0101100
+1072 0 -1069 0 -1170 29 +1170 30 *
Fa
0  1e-07 28 0

0101000
+1068 0 *
Ed
 1e-07 1 1 0
1  54 0 0 0.6
0

0101000
+1175 26 -1175 28 *
Wi

0101100
+1069 0 -1066 0 -1172 29 +1172 30 *
Fa
0  1e-07 29 0

0101000
+1065 0 *
Ed
 1e-07 1 1 0
1  55 0 0 0.6
0

0101000
+1177 26 -1177 28 *
Wi

0101100
+1066 0 -1063 0 -1174 29 +1174 30 *
Fa
0  1e-07 30 0

0101000
+1062 0 *
Ed
 1e-07 1 1 0
1  56 0 0 0.6
0

0101000
+1179 26 -1179 28 *
Wi

0101100
+1063 0 -1060 0 -1176 29 +1176 30 *
Fa
0  1e-07 31 0

0101000
+1059 0 *
Ed
 1e-07 1 1 0
1  57 0 0 0.6
0

0101000
+1182 26 -1182 28 *
Wi

0101100
+1060 0 -1057 0 -1178 29 +1178 30 *
Fa
0  1e-07 32 0

0101000
+1056 0 *
Wi

0101100
+1057 0 -1085 0 -1180 29 +1180 30 *
Fa
0  1e-07 33 0

0101000
+1054 0 *
Sh

0101100
-1082 0 -1079 0 -1076 0 -1073 0 -1070 0 -1067 0 -1064 0 -1061 0 -1058 0 -1055 0 
-1053 0 +1089 29 -1089 30 *
So

0100000
+1052 0 *
Co

0100000
+1051 0 *
Co

0100000
+1086 0 +1050 0 *
Ve
1e-07
-10 -8.5 1
0 0

0101101
*
Ve
1e-07
-10 8.5 1
0 0

0101101
*
Ed
 1e-07 1 1 0
1  58 0 1.5 18.5
2  115 34 0 1.5 18.5
2  116 35 0 1.5 18.5
0

0101000
+1048 37 -1047 37 *
Ve
1e-07
-10 -8.5 -1
0 0

0101101
*
Ed
 1e-07 1 1 0
1  59 0 0 2
2  117 36 0 0 2
2  118 34 36 0 2
4 G1 36 0 34 36
0

0101000
+1045 0 -1048 0 *
Ve
1e-07
-10 8.5 -1
0 0

0101101
*
Ed
 1e-07 1 1 0
1  60 0 0 2
2  119 37 0 0 2
2  120 34 36 0 2
4 G1 37 0 34 36
0

0101000
+1043 0 -1047 0 *
Ed
 1e-07 1 1 0
1  61 0 1.5 18.5
2  121 34 0 1.5 18.5
2  122 38 0 1.5 18.5
0

0101000
+1045 37 -1043 37 *
Wi

0101100
-1046 36 -1044 0 +1042 0 +1041 36 *
Fa
0  1e-07 34 0

0101000
+1040 37 *
Ve
1e-07
-8.5 -10 1
0 0

0101101
*
Ed
 1e-07 1 1 0
1  62 0 4.71238898038469 6.28318530717959
2  123 36 0 4.71238898038469 6.28318530717959
2  124 35 36 4.71238898038469 6.28318530717959
0

0101000
+1048 0 -1038 0 *
Ve
1e-07
-8.5 10 1
0 0

0101101
*
Ed
 1e-07 1 1 0
1  63 0 1.5707963267949 3.14159265358979
2  125 37 0 1.5707963267949 3.14159265358979
2  126 35 36 1.5707963267949 3.14159265358979
0

0101000
+1047 0 -1036 0 *
Ve
1e-07
8.5 -10 1
0 0

0101101
*
Ed
 1e-07 1 1 0
1  64 0 1.5 18.5
2  127 39 0 1.5 18.5
2  128 35 0 1.5 18.5
0

0101000
+1038 37 -1034 37 *
Ve
1e-07
8.5 10 1
0 0

0101101
*
Ed
 1e-07 1 1 0
1  65 0 1.5 18.5
2  129 40 0 1.5 18.5
2  130 35 0 1.5 18.5
0

0101000
+1036 37 -1032 37 *
Ve
1e-07
10 -8.5 1
0 0

0101101
*
Ed
 1e-07 1 1 0
1  66 0 4.71238898038469 6.28318530717959
2  131 41 0 4.71238898038469 6.28318530717959
2  132 35 36 4.71238898038469 6.28318530717959
0

0101000
+1030 0 -1034 0 *
Ve
1e-07
10 8.5 1
0 0

0101101
*
Ed
 1e-07 1 1 0
1  67 0 1.5707963267949 3.14159265358979
2  133 42 0 1.5707963267949 3.14159265358979
2  134 35 36 1.5707963267949 3.14159265358979
0

0101000
+1028 0 -1032 0 *
Ed
 1e-07 1 1 0
1  68 0 1.5 18.5
2  135 43 0 1.5 18.5
2  136 35 0 1.5 18.5
0

0101000
+1030 37 -1028 37 *
Wi

0101100
-1046 36 +1037 0 -1035 0 +1033 36 -1031 36 -1029 0 +1027 0 +1026 36 *
Ve
1e-07
-1.893310546875 -3.94775390625 0
0 0

0101101
*
Ve
1e-07
2.039794921875 0.1171875 0
0 0

0101101
*
Ed
 1e-07 1 1 0
1  69 0 0 2
2  137 44 39 0 2
2  138 44 41 0 2
2  139 45 46 0 2
2  140 35 47 0 2
2  141 46 52 0 2
2  142 46 54 0 2
0

0101000
+1024 55 -1023 55 *
Ve
1e-07
-3.599853515625 5.21484375 0
0 0

0101101
*
Ed
 1e-07 1 1 0
1  70 0 0 7.81709145427286
2  143 47 39 0 7.81709145427286
2  144 47 41 0 7.81709145427286
2  145 45 46 0 7.81709145427286
2  146 35 47 0 7.81709145427286
2  147 48 52 0 7.81709145427286
2  148 48 54 0 7.81709145427286
0

0101000
+1023 55 -1021 55 *
Ve
1e-07
-3.599853515625 3.720703125 0
0 0

0101101
*
Ed
 1e-07 1 1 0
1  71 0 0 1.494140625
2  149 49 57 0 1.494140625
2  150 49 58 0 1.494140625
2  151 45 0 0 1.494140625
2  152 35 59 0 1.494140625
0

0101000
+1019 60 -1021 60 *
Ve
1e-07
0.450439453125 0.28564453125 0
0 0

0101101
*
Ed
 1e-07 1 1 0
1  72 0 0 6.5516143299425
2  153 50 39 0 6.5516143299425
2  154 50 41 0 6.5516143299425
2  155 45 46 0 6.5516143299425
2  156 35 47 0 6.5516143299425
2  157 51 52 0 6.5516143299425
2  158 51 54 0 6.5516143299425
0

0101000
+1019 55 -1017 55 *
Ve
1e-07
-3.673095703125 -3.94775390625 0
0 0

0101101
*
Ed
 1e-07 1 1 0
1  73 0 0 2
2  159 52 39 0 2
2  160 52 41 0 2
2  161 45 46 0 2
2  162 35 47 0 2
2  163 53 52 0 2
2  164 53 54 0 2
0

0101000
+1017 55 -1015 55 *
Ve
1e-07
-3.673095703125 -5.19287109375 0
0 0

0101101
*
Ed
 1e-07 1 1 0
1  74 0 0 1.2451171875
2  165 54 57 0 1.2451171875
2  166 54 58 0 1.2451171875
2  167 45 0 0 1.2451171875
2  168 35 59 0 1.2451171875
0

0101000
+1013 60 -1015 60 *
Ve
1e-07
3.270263671875 -5.19287109375 0
0 0

0101101
*
Ed
 1e-07 1 1 0
1  75 0 0 6.943359375
2  169 55 57 0 6.943359375
2  170 55 58 0 6.943359375
2  171 45 0 0 6.943359375
2  172 35 59 0 6.943359375
0

0101000
+1011 60 -1013 60 *
Ve
1e-07
3.270263671875 -3.94775390625 0
0 0

0101101
*
Ed
 1e-07 1 1 0
1  76 0 0 1.2451171875
2  173 56 57 0 1.2451171875
2  174 56 58 0 1.2451171875
2  175 45 0 0 1.2451171875
2  176 35 59 0 1.2451171875
0

0101000
+1009 60 -1011 60 *
Ed
 1e-07 1 1 0
1  77 0 0 5.16357421875
2  177 57 57 0 5.16357421875
2  178 57 58 0 5.16357421875
2  179 45 0 0 5.16357421875
2  180 35 59 0 5.16357421875
0

0101000
+1024 60 -1009 60 *
Wi

0101100
-1022 38 -1020 38 +1018 56 -1016 38 -1014 38 +1012 56 +1010 56 +1008 56 +1007 56 *
Fa
0  1e-07 35 36

0101000
+1025 0 +1006 0 *
Ve
1e-07
-8.5 -10 -1
0 0

0101101
*
Ed
 1e-07 1 1 0
1  78 0 4.71238898038469 6.28318530717959
2  181 36 0 4.71238898038469 6.28318530717959
2  182 38 36 4.71238898038469 6.28318530717959
0

0101000
+1045 0 -1004 0 *
Ed
 1e-07 1 1 0
1  79 0 0 2
2  183 36 0 0 2
2  184 39 36 0 2
4 G1 36 0 39 36
0

0101000
+1004 0 -1038 0 *
Wi

0101100
+1003 0 -1044 0 +1002 0 -1037 0 *
Fa
0  0 36 0

0101000
+1001 0 *
Ve
1e-07
-8.5 10 -1
0 0

0101101
*
Ed
 1e-07 1 1 0
1  80 0 1.5707963267949 3.14159265358979
2  185 37 0 1.5707963267949 3.14159265358979
2  186 38 36 1.5707963267949 3.14159265358979
0

0101000
+1043 0 -999 0 *
Ed
 1e-07 1 1 0
1  81 0 0 2
2  187 37 0 0 2
2  188 40 36 0 2
4 G1 37 0 40 36
0

0101000
+999 0 -1036 0 *
Wi

0101100
+998 0 -1042 0 +997 0 -1035 0 *
Fa
0  0 37 0

0101000
+996 0 *
Ve
1e-07
8.5 -10 -1
0 0

0101101
*
Ed
 1e-07 1 1 0
1  82 0 1.5 18.5
2  189 39 0 1.5 18.5
2  190 38 0 1.5 18.5
0

0101000
+1004 37 -994 37 *
Ve
1e-07
8.5 10 -1
0 0

0101101
*
Ed
 1e-07 1 1 0
1  83 0 1.5 18.5
2  191 40 0 1.5 18.5
2  192 38 0 1.5 18.5
0

0101000
+999 37 -992 37 *
Ve
1e-07
10 -8.5 -1
0 0

0101101
*
Ed
 1e-07 1 1 0
1  84 0 4.71238898038469 6.28318530717959
2  193 41 0 4.71238898038469 6.28318530717959
2  194 38 36 4.71238898038469 6.28318530717959
0

0101000
+990 0 -994 0 *
Ve
1e-07
10 8.5 -1
0 0

0101101
*
Ed
 1e-07 1 1 0
1  85 0 1.5707963267949 3.14159265358979
2  195 42 0 1.5707963267949 3.14159265358979
2  196 38 36 1.5707963267949 3.14159265358979
0

0101000
+988 0 -992 0 *
Ed
 1e-07 1 1 0
1  86 0 1.5 18.5
2  197 43 0 1.5 18.5
2  198 38 0 1.5 18.5
0

0101000
+990 37 -988 37 *
Wi

0101100
-1041 36 +1003 0 -998 0 +993 36 -991 36 -989 0 +987 0 +986 36 *
Fa
0  1e-07 38 0

0101000
+985 37 *
Ed
 1e-07 1 1 0
1  87 0 0 2
2  199 41 0 0 2
2  200 39 36 0 2
4 G1 41 0 39 36
0

0101000
+994 0 -1034 0 *
Wi

0101100
-993 36 +1002 0 -983 0 +1033 36 *
Fa
0  1e-07 39 0

0101000
+982 37 *
Ed
 1e-07 1 1 0
1  88 0 0 2
2  201 42 0 0 2
2  202 40 36 0 2
4 G1 42 0 40 36
0

0101000
+992 0 -1032 0 *
Wi

0101100
-991 36 +997 0 -980 0 +1031 36 *
Fa
0  1e-07 40 0

0101000
+979 37 *
Ed
 1e-07 1 1 0
1  89 0 0 2
2  203 41 0 0 2
2  204 43 36 0 2
4 G1 41 0 43 36
0

0101000
+990 0 -1030 0 *
Wi

0101100
+989 0 -977 0 +983 0 -1029 0 *
Fa
0  0 41 0

0101000
+976 0 *
Ed
 1e-07 1 1 0
1  90 0 0 2
2  205 42 0 0 2
2  206 43 36 0 2
4 G1 42 0 43 36
0

0101000
+988 0 -1028 0 *
Wi

0101100
+987 0 -974 0 +980 0 -1027 0 *
Fa
0  0 42 0

0101000
+973 0 *
Wi

0101100
-1026 36 -977 0 +974 0 +986 36 *
Fa
0  1e-07 43 0

0101000
+971 37 *
Ed
 1e-07 1 1 0
1  91 0 0 0.6
2  207 44 0 0 0.6
2  208 57 0 0 0.6
0

0101000
+1024 61 -1024 62 *
Ed
 1e-07 1 1 0
1  92 0 0 0.6
2  209 47 0 0 0.6
2  210 44 0 0 0.6
0

0101000
+1023 61 -1023 62 *
Wi

0101100
+969 0 -968 0 -1022 38 +1022 63 *
Fa
0  1e-07 44 0

0101000
+967 0 *
Ed
 1e-07 1 1 0
1  93 0 0 0.6
2  211 47 0 0 0.6
2  212 49 0 0 0.6
0

0101000
+1021 61 -1021 62 *
Wi

0101100
+968 0 -965 0 -1020 38 +1020 63 *
Fa
0  1e-07 47 0

0101000
+964 0 *
Ed
 1e-07 1 1 0
1  94 0 0 0.6
2  213 50 0 0 0.6
2  214 49 0 0 0.6
0

0101000
+1019 61 -1019 62 *
Wi

0101100
+962 0 -965 0 -1018 56 +1018 64 *
Fa
0  1e-07 49 0

0101000
+961 0 *
Ed
 1e-07 1 1 0
1  95 0 0 0.6
2  215 52 0 0 0.6
2  216 50 0 0 0.6
0

0101000
+1017 61 -1017 62 *
Wi

0101100
+962 0 -959 0 -1016 38 +1016 63 *
Fa
0  1e-07 50 0

0101000
+958 0 *
Ed
 1e-07 1 1 0
1  96 0 0 0.6
2  217 52 0 0 0.6
2  218 54 0 0 0.6
0

0101000
+1015 61 -1015 62 *
Wi

0101100
+959 0 -956 0 -1014 38 +1014 63 *
Fa
0  1e-07 52 0

0101000
+955 0 *
Ed
 1e-07 1 1 0
1  97 0 0 0.6
2  219 55 0 0 0.6
2  220 54 0 0 0.6
0

0101000
+1013 61 -1013 62 *
Wi

0101100
+953 0 -956 0 -1012 56 +1012 64 *
Fa
0  1e-07 54 0

0101000
+952 0 *
Ed
 1e-07 1 1 0
1  98 0 0 0.6
2  221 56 0 0 0.6
2  222 55 0 0 0.6
0

0101000
+1011 61 -1011 62 *
Wi

0101100
+950 0 -953 0 -1010 56 +1010 64 *
Fa
0  1e-07 55 0

0101000
+949 0 *
Ed
 1e-07 1 1 0
1  99 0 0 0.6
2  223 57 0 0 0.6
2  224 56 0 0 0.6
0

0101000
+1009 61 -1009 62 *
Wi

0101100
+947 0 -950 0 -1008 56 +1008 64 *
Fa
0  1e-07 56 0

0101000
+946 0 *
Wi

0101100
+969 0 -947 0 -1007 56 +1007 64 *
Fa
0  1e-07 57 0

0101000
+944 0 *
Wi

0101100
+1007 0 +1008 0 +1010 0 +1012 0 -1014 65 -1016 65 +1018 0 -1020 65 -1022 65 *
Fa
0  1e-07 45 0

0101000
-942 0 *
Sh

0101100
-1039 36 +1005 0 +1000 0 -995 0 -984 36 -981 36 +978 36 -975 0 +972 0 +970 36 
-966 0 -963 0 +960 0 -957 0 -954 0 +951 0 +948 0 +945 0 +943 0 +941 64 
*
So

0100000
+940 0 *
Co

0100000
+939 0 *
Ed
 1e-07 1 1 0
1  100 0 0 0.6
2  225 46 0 0 0.6
0

0101000
+1024 66 -1024 67 *
Ed
 1e-07 1 1 0
1  101 0 0 0.6
0

0101000
+1009 66 -1009 67 *
Wi

0101100
+937 0 -936 0 -1007 68 +1007 69 *
Fa
0  1e-07 58 0

0101000
+935 0 *
Ed
 1e-07 1 1 0
1  102 0 0 0.6
0

0101000
+1011 66 -1011 67 *
Wi

0101100
+936 0 -933 0 -1008 68 +1008 69 *
Fa
0  1e-07 59 0

0101000
+932 0 *
Ed
 1e-07 1 1 0
1  103 0 0 0.6
0

0101000
+1013 66 -1013 67 *
Wi

0101100
+933 0 -930 0 -1010 68 +1010 69 *
Fa
0  1e-07 60 0

0101000
+929 0 *
Ed
 1e-07 1 1 0
1  104 0 0 0.6
2  226 53 0 0 0.6
0

0101000
+1015 66 -1015 67 *
Wi

0101100
+930 0 -927 0 -1012 68 +1012 69 *
Fa
0  1e-07 61 0

0101000
+926 0 *
Ed
 1e-07 1 1 0
1  105 0 0 0.6
2  227 53 0 0 0.6
2  228 51 0 0 0.6
0

0101000
+1017 66 -1017 67 *
Wi

0101100
+924 0 -927 0 -1014 70 +1014 71 *
Fa
0  1e-07 53 0

0101000
+923 0 *
Ed
 1e-07 1 1 0
1  106 0 0 0.6
2  229 51 0 0 0.6
0

0101000
+1019 66 -1019 67 *
Wi

0101100
+921 0 -924 0 -1016 70 +1016 71 *
Fa
0  1e-07 51 0

0101000
+920 0 *
Ed
 1e-07 1 1 0
1  107 0 0 0.6
2  230 48 0 0 0.6
0

0101000
+1021 66 -1021 67 *
Wi

0101100
+921 0 -918 0 -1018 68 +1018 69 *
Fa
0  1e-07 62 0

0101000
+917 0 *
Ed
 1e-07 1 1 0
1  108 0 0 0.6
2  231 48 0 0 0.6
2  232 46 0 0 0.6
0

0101000
+1023 66 -1023 67 *
Wi

0101100
+915 0 -918 0 -1020 70 +1020 71 *
Fa
0  1e-07 48 0

0101000
+914 0 *
Wi

0101100
+937 0 -915 0 -1022 70 +1022 71 *
Fa
0  1e-07 46 0

0101000
+912 0 *
Sh

0101100
-934 0 -931 0 -928 0 -925 0 +922 0 +919 0 -916 0 +913 0 +911 0 +941 68 
-941 69 *
So

0100000
+910 0 *
Co

0100000
+909 0 *
Co

0100000
+938 0 +908 0 *
Ve
1e-07
-10 -8.5 1
0 0

0101101
*
Ve
1e-07
-10 8.5 1
0 0

0101101
*
Ed
 1e-07 1 1 0
1  109 0 1.5 18.5
2  233 63 0 1.5 18.5
2  234 64 0 1.5 18.5
0

0101000
+906 78 -905 78 *
Ve
1e-07
-10 -8.5 -1
0 0

0101101
*
Ed
 1e-07 1 1 0
1  110 0 0 2
2  235 65 0 0 2
2  236 63 77 0 2
4 G1 65 0 63 77
0

0101000
+903 0 -906 0 *
Ve
1e-07
-10 8.5 -1
0 0

0101101
*
Ed
 1e-07 1 1 0
1  111 0 0 2
2  237 66 0 0 2
2  238 63 77 0 2
4 G1 66 0 63 77
0

0101000
+901 0 -905 0 *
Ed
 1e-07 1 1 0
1  112 0 1.5 18.5
2  239 63 0 1.5 18.5
2  240 67 0 1.5 18.5
0

0101000
+903 78 -901 78 *
Wi

0101100
-904 77 -902 0 +900 0 +899 77 *
Fa
0  1e-07 63 0

0101000
+898 78 *
Ve
1e-07
-8.5 -10 1
0 0

0101101
*
Ed
 1e-07 1 1 0
1  113 0 4.71238898038469 6.28318530717959
2  241 65 0 4.71238898038469 6.28318530717959
2  242 64 77 4.71238898038469 6.28318530717959
0

0101000
+906 0 -896 0 *
Ve
1e-07
-8.5 10 1
0 0

0101101
*
Ed
 1e-07 1 1 0
1  114 0 1.5707963267949 3.14159265358979
2  243 66 0 1.5707963267949 3.14159265358979
2  244 64 77 1.5707963267949 3.14159265358979
0

0101000
+905 0 -894 0 *
Ve
1e-07
8.5 -10 1
0 0

0101101
*
Ed
 1e-07 1 1 0
1  115 0 1.5 18.5
2  245 68 0 1.5 18.5
2  246 64 0 1.5 18.5
0

0101000
+896 78 -892 78 *
Ve
1e-07
8.5 10 1
0 0

0101101
*
Ed
 1e-07 1 1 0
1  116 0 1.5 18.5
2  247 69 0 1.5 18.5
2  248 64 0 1.5 18.5
0

0101000
+894 78 -890 78 *
Ve
1e-07
10 -8.5 1
0 0

0101101
*
Ed
 1e-07 1 1 0
1  117 0 4.71238898038469 6.28318530717959
2  249 70 0 4.71238898038469 6.28318530717959
2  250 64 77 4.71238898038469 6.28318530717959
0

0101000
+888 0 -892 0 *
Ve
1e-07
10 8.5 1
0 0

0101101
*
Ed
 1e-07 1 1 0
1  118 0 1.5707963267949 3.14159265358979
2  251 71 0 1.5707963267949 3.14159265358979
2  252 64 77 1.5707963267949 3.14159265358979
0

0101000
+886 0 -890 0 *
Ed
 1e-07 1 1 0
1  119 0 1.5 18.5
2  253 72 0 1.5 18.5
2  254 64 0 1.5 18.5
0

0101000
+888 78 -886 78 *
Wi

0101100
-904 77 +895 0 -893 0 +891 77 -889 77 -887 0 +885 0 +884 77 *
Ve
1e-07
-3.629150390625 -4.86328125 0
0 0

0101101
*
Ve
1e-07
1.314697265625 0.703125 0
0 0

0101101
*
Ed
 1e-07 1 1 0
1  120 0 0 11.8392221045538
2  255 73 80 0 11.8392221045538
2  256 73 82 0 11.8392221045538
2  257 74 87 0 11.8392221045538
2  258 64 88 0 11.8392221045538
2  259 75 93 0 11.8392221045538
2  260 75 95 0 11.8392221045538
0

0101000
+882 96 -881 96 *
Ve
1e-07
-3.299560546875 5.47119140625 0
0 0

0101101
*
Ed
 1e-07 1 1 0
1  121 0 0 5.98190743338009
2  261 76 80 0 5.98190743338009
2  262 76 82 0 5.98190743338009
2  263 74 87 0 5.98190743338009
2  264 64 88 0 5.98190743338009
2  265 77 93 0 5.98190743338009
2  266 77 95 0 5.98190743338009
0

0101000
+881 96 -879 96 *
Ve
1e-07
-3.299560546875 4.15283203125 0
0 0

0101101
*
Ed
 1e-07 1 1 0
1  122 0 0 1.318359375
2  267 78 98 0 1.318359375
2  268 78 99 0 1.318359375
2  269 74 0 0 1.318359375
2  270 64 100 0 1.318359375
0

0101000
+877 101 -879 101 *
Ve
1e-07
-0.406494140625 1.259765625 0
0 0

0101101
*
Ed
 1e-07 1 1 0
1  123 0 0 9.22975379779989
2  271 79 80 0 9.22975379779989
2  272 79 82 0 9.22975379779989
2  273 74 87 0 9.22975379779989
2  274 64 88 0 9.22975379779989
2  275 80 93 0 9.22975379779989
2  276 80 95 0 9.22975379779989
0

0101000
+877 96 -875 96 *
Ve
1e-07
-1.739501953125 1.259765625 0
0 0

0101101
*
Ed
 1e-07 1 1 0
1  124 0 0 1.3330078125
2  277 81 98 0 1.3330078125
2  278 81 99 0 1.3330078125
2  279 74 0 0 1.3330078125
2  280 64 100 0 1.3330078125
0

0101000
+873 101 -875 101 *
Ve
1e-07
-1.739501953125 0.0439453125 0
0 0

0101101
*
Ed
 1e-07 1 1 0
1  125 0 0 1.2158203125
2  281 82 98 0 1.2158203125
2  282 82 99 0 1.2158203125
2  283 74 0 0 1.2158203125
2  284 64 100 0 1.2158203125
0

0101000
+871 101 -873 101 *
Ve
1e-07
-0.465087890625 0.0439453125 0
0 0

0101101
*
Ed
 1e-07 1 1 0
1  126 0 0 1.2744140625
2  285 83 98 0 1.2744140625
2  286 83 99 0 1.2744140625
2  287 74 0 0 1.2744140625
2  288 64 100 0 1.2744140625
0

0101000
+869 101 -871 101 *
Ve
1e-07
-3.629150390625 -3.43505859375 0
0 0

0101101
*
Ed
 1e-07 1 1 0
1  127 0 0 5.40964912280702
2  289 84 80 0 5.40964912280702
2  290 84 82 0 5.40964912280702
2  291 74 87 0 5.40964912280702
2  292 64 88 0 5.40964912280702
2  293 85 93 0 5.40964912280702
2  294 85 95 0 5.40964912280702
0

0101000
+869 96 -867 96 *
Ed
 1e-07 1 1 0
1  128 0 0 1.42822265625
2  295 86 98 0 1.42822265625
2  296 86 99 0 1.42822265625
2  297 74 0 0 1.42822265625
2  298 64 100 0 1.42822265625
0

0101000
+882 101 -867 101 *
Wi

0101100
-880 79 -878 79 +876 97 -874 79 +872 97 +870 97 +868 97 -866 79 +865 97 *
Fa
0  1e-07 64 77

0101000
+883 0 +864 0 *
Ve
1e-07
-8.5 -10 -1
0 0

0101101
*
Ed
 1e-07 1 1 0
1  129 0 4.71238898038469 6.28318530717959
2  299 65 0 4.71238898038469 6.28318530717959
2  300 67 77 4.71238898038469 6.28318530717959
0

0101000
+903 0 -862 0 *
Ed
 1e-07 1 1 0
1  130 0 0 2
2  301 65 0 0 2
2  302 68 77 0 2
4 G1 65 0 68 77
0

0101000
+862 0 -896 0 *
Wi

0101100
+861 0 -902 0 +860 0 -895 0 *
Fa
0  0 65 0

0101000
+859 0 *
Ve
1e-07
-8.5 10 -1
0 0

0101101
*
Ed
 1e-07 1 1 0
1  131 0 1.5707963267949 3.14159265358979
2  303 66 0 1.5707963267949 3.14159265358979
2  304 67 77 1.5707963267949 3.14159265358979
0

0101000
+901 0 -857 0 *
Ed
 1e-07 1 1 0
1  132 0 0 2
2  305 66 0 0 2
2  306 69 77 0 2
4 G1 66 0 69 77
0

0101000
+857 0 -894 0 *
Wi

0101100
+856 0 -900 0 +855 0 -893 0 *
Fa
0  0 66 0

0101000
+854 0 *
Ve
1e-07
8.5 -10 -1
0 0

0101101
*
Ed
 1e-07 1 1 0
1  133 0 1.5 18.5
2  307 68 0 1.5 18.5
2  308 67 0 1.5 18.5
0

0101000
+862 78 -852 78 *
Ve
1e-07
8.5 10 -1
0 0

0101101
*
Ed
 1e-07 1 1 0
1  134 0 1.5 18.5
2  309 69 0 1.5 18.5
2  310 67 0 1.5 18.5
0

0101000
+857 78 -850 78 *
Ve
1e-07
10 -8.5 -1
0 0

0101101
*
Ed
 1e-07 1 1 0
1  135 0 4.71238898038469 6.28318530717959
2  311 70 0 4.71238898038469 6.28318530717959
2  312 67 77 4.71238898038469 6.28318530717959
0

0101000
+848 0 -852 0 *
Ve
1e-07
10 8.5 -1
0 0

0101101
*
Ed
 1e-07 1 1 0
1  136 0 1.5707963267949 3.14159265358979
2  313 71 0 1.5707963267949 3.14159265358979
2  314 67 77 1.5707963267949 3.14159265358979
0

0101000
+846 0 -850 0 *
Ed
 1e-07 1 1 0
1  137 0 1.5 18.5
2  315 72 0 1.5 18.5
2  316 67 0 1.5 18.5
0

0101000
+848 78 -846 78 *
Wi

0101100
-899 77 +861 0 -856 0 +851 77 -849 77 -847 0 +845 0 +844 77 *
Fa
0  1e-07 67 0

0101000
+843 78 *
Ed
 1e-07 1 1 0
1  138 0 0 2
2  317 70 0 0 2
2  318 68 77 0 2
4 G1 70 0 68 77
0

0101000
+852 0 -892 0 *
Wi

0101100
-851 77 +860 0 -841 0 +891 77 *
Fa
0  1e-07 68 0

0101000
+840 78 *
Ed
 1e-07 1 1 0
1  139 0 0 2
2  319 71 0 0 2
2  320 69 77 0 2
4 G1 71 0 69 77
0

0101000
+850 0 -890 0 *
Wi

0101100
-849 77 +855 0 -838 0 +889 77 *
Fa
0  1e-07 69 0

0101000
+837 78 *
Ed
 1e-07 1 1 0
1  140 0 0 2
2  321 70 0 0 2
2  322 72 77 0 2
4 G1 70 0 72 77
0

0101000
+848 0 -888 0 *
Wi

0101100
+847 0 -835 0 +841 0 -887 0 *
Fa
0  0 70 0

0101000
+834 0 *
Ed
 1e-07 1 1 0
1  141 0 0 2
2  323 71 0 0 2
2  324 72 77 0 2
4 G1 71 0 72 77
0

0101000
+846 0 -886 0 *
Wi

0101100
+845 0 -832 0 +838 0 -885 0 *
Fa
0  0 71 0

0101000
+831 0 *
Wi

0101100
-884 77 -835 0 +832 0 +844 77 *
Fa
0  1e-07 72 0

0101000
+829 78 *
Ed
 1e-07 1 1 0
1  142 0 0 0.6
2  325 73 0 0 0.6
2  326 86 0 0 0.6
0

0101000
+882 102 -882 103 *
Ed
 1e-07 1 1 0
1  143 0 0 0.6
2  327 73 0 0 0.6
2  328 76 0 0 0.6
0

0101000
+881 102 -881 103 *
Wi

0101100
+827 0 -826 0 -880 79 +880 104 *
Fa
0  1e-07 73 0

0101000
+825 0 *
Ed
 1e-07 1 1 0
1  144 0 0 0.6
2  329 76 0 0 0.6
2  330 78 0 0 0.6
0

0101000
+879 102 -879 103 *
Wi

0101100
+826 0 -823 0 -878 79 +878 104 *
Fa
0  1e-07 76 0

0101000
+822 0 *
Ed
 1e-07 1 1 0
1  145 0 0 0.6
2  331 79 0 0 0.6
2  332 78 0 0 0.6
0

0101000
+877 102 -877 103 *
Wi

0101100
+820 0 -823 0 -876 97 +876 105 *
Fa
0  1e-07 78 0

0101000
+819 0 *
Ed
 1e-07 1 1 0
1  146 0 0 0.6
2  333 79 0 0 0.6
4 G1 81 0 79 0
2  334 81 0 0 0.6
0

0101000
+875 102 -875 103 *
Wi

0101100
+820 0 -817 0 -874 79 +874 104 *
Fa
0  1e-07 79 0

0101000
+816 0 *
Ed
 1e-07 1 1 0
1  147 0 0 0.6
2  335 82 0 0 0.6
2  336 81 0 0 0.6
0

0101000
+873 102 -873 103 *
Wi

0101100
+814 0 -817 0 -872 97 +872 105 *
Fa
0  1e-07 81 0

0101000
+813 0 *
Ed
 1e-07 1 1 0
1  148 0 0 0.6
2  337 83 0 0 0.6
2  338 82 0 0 0.6
0

0101000
+871 102 -871 103 *
Wi

0101100
+811 0 -814 0 -870 97 +870 105 *
Fa
0  1e-07 82 0

0101000
+810 0 *
Ed
 1e-07 1 1 0
1  149 0 0 0.6
2  339 84 0 0 0.6
4 G1 84 0 83 0
2  340 83 0 0 0.6
0

0101000
+869 102 -869 103 *
Wi

0101100
+808 0 -811 0 -868 97 +868 105 *
Fa
0  1e-07 83 0

0101000
+807 0 *
Ed
 1e-07 1 1 0
1  150 0 0 0.6
2  341 84 0 0 0.6
2  342 86 0 0 0.6
0

0101000
+867 102 -867 103 *
Wi

0101100
+808 0 -805 0 -866 79 +866 104 *
Fa
0  1e-07 84 0

0101000
+804 0 *
Wi

0101100
+827 0 -805 0 -865 97 +865 105 *
Fa
0  1e-07 86 0

0101000
+802 0 *
Wi

0101100
-880 106 +865 0 -866 106 +868 0 +870 0 +872 0 -874 106 +876 0 -878 106 *
Fa
0  1e-07 74 0

0101000
-800 0 *
Sh

0101100
-897 77 +863 0 +858 0 -853 0 -842 77 -839 77 +836 77 -833 0 +830 0 +828 77 
-824 0 -821 0 +818 0 -815 0 +812 0 +809 0 +806 0 -803 0 +801 0 +799 105 
*
So

0100000
+798 0 *
Co

0100000
+797 0 *
Ed
 1e-07 1 1 0
1  151 0 0 0.6
2  343 75 0 0 0.6
0

0101000
+882 107 -882 108 *
Ed
 1e-07 1 1 0
1  152 0 0 0.6
2  344 75 0 0 0.6
2  345 77 0 0 0.6
0

0101000
+881 107 -881 108 *
Wi

0101100
+795 0 -794 0 -880 109 +880 110 *
Fa
0  1e-07 75 0

0101000
+793 0 *
Ed
 1e-07 1 1 0
1  153 0 0 0.6
2  346 85 0 0 0.6
0

0101000
+867 107 -867 108 *
Wi

0101100
+795 0 -791 0 -865 111 +865 112 *
Fa
0  1e-07 87 0

0101000
+790 0 *
Ed
 1e-07 1 1 0
1  154 0 0 0.6
2  347 85 0 0 0.6
4 G1 85 0 88 0
0

0101000
+869 107 -869 108 *
Wi

0101100
+788 0 -791 0 -866 109 +866 110 *
Fa
0  1e-07 85 0

0101000
+787 0 *
Ed
 1e-07 1 1 0
1  155 0 0 0.6
0

0101000
+871 107 -871 108 *
Wi

0101100
+788 0 -785 0 -868 111 +868 112 *
Fa
0  1e-07 88 0

0101000
+784 0 *
Ed
 1e-07 1 1 0
1  156 0 0 0.6
0

0101000
+873 107 -873 108 *
Wi

0101100
+785 0 -782 0 -870 111 +870 112 *
Fa
0  1e-07 89 0

0101000
+781 0 *
Ed
 1e-07 1 1 0
1  157 0 0 0.6
2  348 80 0 0 0.6
4 G1 90 0 80 0
0

0101000
+875 107 -875 108 *
Wi

0101100
+782 0 -779 0 -872 111 +872 112 *
Fa
0  1e-07 90 0

0101000
+778 0 *
Ed
 1e-07 1 1 0
1  158 0 0 0.6
2  349 80 0 0 0.6
0

0101000
+877 107 -877 108 *
Wi

0101100
+776 0 -779 0 -874 109 +874 110 *
Fa
0  1e-07 80 0

0101000
+775 0 *
Ed
 1e-07 1 1 0
1  159 0 0 0.6
2  350 77 0 0 0.6
0

0101000
+879 107 -879 108 *
Wi

0101100
+776 0 -773 0 -876 111 +876 112 *
Fa
0  1e-07 91 0

0101000
+772 0 *
Wi

0101100
+794 0 -773 0 -878 109 +878 110 *
Fa
0  1e-07 77 0

0101000
+770 0 *
Sh

0101100
+792 0 -789 0 +786 0 -783 0 -780 0 -777 0 +774 0 -771 0 +769 0 +799 111 
-799 112 *
So

0100000
+768 0 *
Co

0100000
+767 0 *
Co

0100000
+796 0 +766 0 *
Ve
1e-07
-10 -8.5 1
0 0

0101101
*
Ve
1e-07
-10 8.5 1
0 0

0101101
*
Ed
 1e-07 1 1 0
1  160 0 1.5 18.5
2  351 92 0 1.5 18.5
2  352 93 0 1.5 18.5
0

0101000
+764 119 -763 119 *
Ve
1e-07
-10 -8.5 -1
0 0

0101101
*
Ed
 1e-07 1 1 0
1  161 0 0 2
2  353 94 0 0 2
2  354 92 118 0 2
4 G1 94 0 92 118
0

0101000
+761 0 -764 0 *
Ve
1e-07
-10 8.5 -1
0 0

0101101
*
Ed
 1e-07 1 1 0
1  162 0 0 2
2  355 95 0 0 2
2  356 92 118 0 2
4 G1 95 0 92 118
0

0101000
+759 0 -763 0 *
Ed
 1e-07 1 1 0
1  163 0 1.5 18.5
2  357 92 0 1.5 18.5
2  358 96 0 1.5 18.5
0

0101000
+761 119 -759 119 *
Wi

0101100
-762 118 -760 0 +758 0 +757 118 *
Fa
0  1e-07 92 0

0101000
+756 119 *
Ve
1e-07
-8.5 -10 1
0 0

0101101
*
Ed
 1e-07 1 1 0
1  164 0 4.71238898038469 6.28318530717959
2  359 94 0 4.71238898038469 6.28318530717959
2  360 93 118 4.71238898038469 6.28318530717959
0

0101000
+764 0 -754 0 *
Ve
1e-07
-8.5 10 1
0 0

0101101
*
Ed
 1e-07 1 1 0
1  165 0 1.5707963267949 3.14159265358979
2  361 95 0 1.5707963267949 3.14159265358979
2  362 93 118 1.5707963267949 3.14159265358979
0

0101000
+763 0 -752 0 *
Ve
1e-07
8.5 -10 1
0 0

0101101
*
Ed
 1e-07 1 1 0
1  166 0 1.5 18.5
2  363 97 0 1.5 18.5
2  364 93 0 1.5 18.5
0

0101000
+754 119 -750 119 *
Ve
1e-07
8.5 10 1
0 0

0101101
*
Ed
 1e-07 1 1 0
1  167 0 1.5 18.5
2  365 98 0 1.5 18.5
2  366 93 0 1.5 18.5
0

0101000
+752 119 -748 119 *
Ve
1e-07
10 -8.5 1
0 0

0101101
*
Ed
 1e-07 1 1 0
1  168 0 4.71238898038469 6.28318530717959
2  367 99 0 4.71238898038469 6.28318530717959
2  368 93 118 4.71238898038469 6.28318530717959
0

0101000
+746 0 -750 0 *
Ve
1e-07
10 8.5 1
0 0

0101101
*
Ed
 1e-07 1 1 0
1  169 0 1.5707963267949 3.14159265358979
2  369 100 0 1.5707963267949 3.14159265358979
2  370 93 118 1.5707963267949 3.14159265358979
0

0101000
+744 0 -748 0 *
Ed
 1e-07 1 1 0
1  170 0 1.5 18.5
2  371 101 0 1.5 18.5
2  372 93 0 1.5 18.5
0

0101000
+746 119 -744 119 *
Wi

0101100
-762 118 +753 0 -751 0 +749 118 -747 118 -745 0 +743 0 +742 118 *
Ve
1e-07
-4.039306640625 -2.61474609375 0
0 0

0101101
*
Ve
1e-07
-4.039306640625 -1.1865234375 0
0 0

0101101
*
Ed
 1e-07 1 1 0
1  171 0 0 1.42822265625
2  373 102 126 0 1.42822265625
2  374 102 128 0 1.42822265625
2  375 103 0 0 1.42822265625
2  376 93 129 0 1.42822265625
0

0101000
+740 130 -739 130 *
Ve
1e-07
0.897216796875 -2.61474609375 0
0 0

0101101
*
Ed
 1e-07 1 1 0
1  172 0 0 4.9365234375
2  377 104 126 0 4.9365234375
2  378 104 128 0 4.9365234375
2  379 103 0 0 4.9365234375
2  380 93 129 0 4.9365234375
0

0101000
+737 130 -740 130 *
Ve
1e-07
0.897216796875 -5.19287109375 0
0 0

0101101
*
Ed
 1e-07 1 1 0
1  173 0 0 2.578125
2  381 105 126 0 2.578125
2  382 105 128 0 2.578125
2  383 103 0 0 2.578125
2  384 93 129 0 2.578125
0

0101000
+735 130 -737 130 *
Ve
1e-07
2.369384765625 -5.19287109375 0
0 0

0101101
*
Ed
 1e-07 1 1 0
1  174 0 0 1.47216796875
2  385 106 126 0 1.47216796875
2  386 106 128 0 1.47216796875
2  387 103 0 0 1.47216796875
2  388 93 129 0 1.47216796875
0

0101000
+733 130 -735 130 *
Ve
1e-07
2.369384765625 -2.61474609375 0
0 0

0101101
*
Ed
 1e-07 1 1 0
1  175 0 0 2.578125
2  389 107 126 0 2.578125
2  390 107 128 0 2.578125
2  391 103 0 0 2.578125
2  392 93 129 0 2.578125
0

0101000
+731 130 -733 130 *
Ve
1e-07
3.929443359375 -2.61474609375 0
0 0

0101101
*
Ed
 1e-07 1 1 0
1  176 0 0 1.56005859375
2  393 108 126 0 1.56005859375
2  394 108 128 0 1.56005859375
2  395 103 0 0 1.56005859375
2  396 93 129 0 1.56005859375
0

0101000
+729 130 -731 130 *
Ve
1e-07
3.929443359375 -1.38427734375 0
0 0

0101101
*
Ed
 1e-07 1 1 0
1  177 0 0 1.23046875
2  397 109 126 0 1.23046875
2  398 109 128 0 1.23046875
2  399 103 0 0 1.23046875
2  400 93 129 0 1.23046875
0

0101000
+727 130 -729 130 *
Ve
1e-07
2.369384765625 -1.38427734375 0
0 0

0101101
*
Ed
 1e-07 1 1 0
1  178 0 0 1.56005859375
2  401 110 126 0 1.56005859375
2  402 110 128 0 1.56005859375
2  403 103 0 0 1.56005859375
2  404 93 129 0 1.56005859375
0

0101000
+725 130 -727 130 *
Ve
1e-07
2.369384765625 5.7421875 0
0 0

0101101
*
Ed
 1e-07 1 1 0
1  179 0 0 7.12646484375
2  405 111 126 0 7.12646484375
2  406 111 128 0 7.12646484375
2  407 103 0 0 7.12646484375
2  408 93 129 0 7.12646484375
0

0101000
+723 130 -725 130 *
Ve
1.00000000444089e-07
0.509033203125 5.7421875 0
0 0

0101101
*
Ed
 1e-07 1 1 0
1  180 0 0 1.8603515625
2  409 112 126 0 1.8603515625
2  410 112 128 0 1.8603515625
2  411 103 0 0 1.8603515625
2  412 93 129 0 1.8603515625
0

0101000
+721 130 -723 130 *
Ed
 1e-07 1 1 0
1  181 0 0 8.28821033695911
2  413 113 126 0 8.28821033695911
2  414 113 128 0 8.28821033695911
2  415 103 0 0 8.28821033695911
2  416 93 129 0 8.28821033695911
0

0101000
+739 130 -721 130 *
Wi

0101100
+738 125 +736 125 +734 125 +732 125 +730 125 +728 125 +726 125 +724 125 +722 125 +720 125 
+719 125 *
Fa
0  1e-07 93 118

0101000
+741 0 +718 0 *
Ve
1e-07
-8.5 -10 -1
0 0

0101101
*
Ed
 1e-07 1 1 0
1  182 0 4.71238898038469 6.28318530717959
2  417 94 0 4.71238898038469 6.28318530717959
2  418 96 118 4.71238898038469 6.28318530717959
0

0101000
+761 0 -716 0 *
Ed
 1e-07 1 1 0
1  183 0 0 2
2  419 94 0 0 2
2  420 97 118 0 2
4 G1 94 0 97 118
0

0101000
+716 0 -754 0 *
Wi

0101100
+715 0 -760 0 +714 0 -753 0 *
Fa
0  0 94 0

0101000
+713 0 *
Ve
1e-07
-8.5 10 -1
0 0

0101101
*
Ed
 1e-07 1 1 0
1  184 0 1.5707963267949 3.14159265358979
2  421 95 0 1.5707963267949 3.14159265358979
2  422 96 118 1.5707963267949 3.14159265358979
0

0101000
+759 0 -711 0 *
Ed
 1e-07 1 1 0
1  185 0 0 2
2  423 95 0 0 2
2  424 98 118 0 2
4 G1 95 0 98 118
0

0101000
+711 0 -752 0 *
Wi

0101100
+710 0 -758 0 +709 0 -751 0 *
Fa
0  0 95 0

0101000
+708 0 *
Ve
1e-07
8.5 -10 -1
0 0

0101101
*
Ed
 1e-07 1 1 0
1  186 0 1.5 18.5
2  425 97 0 1.5 18.5
2  426 96 0 1.5 18.5
0

0101000
+716 119 -706 119 *
Ve
1e-07
8.5 10 -1
0 0

0101101
*
Ed
 1e-07 1 1 0
1  187 0 1.5 18.5
2  427 98 0 1.5 18.5
2  428 96 0 1.5 18.5
0

0101000
+711 119 -704 119 *
Ve
1e-07
10 -8.5 -1
0 0

0101101
*
Ed
 1e-07 1 1 0
1  188 0 4.71238898038469 6.28318530717959
2  429 99 0 4.71238898038469 6.28318530717959
2  430 96 118 4.71238898038469 6.28318530717959
0

0101000
+702 0 -706 0 *
Ve
1e-07
10 8.5 -1
0 0

0101101
*
Ed
 1e-07 1 1 0
1  189 0 1.5707963267949 3.14159265358979
2  431 100 0 1.5707963267949 3.14159265358979
2  432 96 118 1.5707963267949 3.14159265358979
0

0101000
+700 0 -704 0 *
Ed
 1e-07 1 1 0
1  190 0 1.5 18.5
2  433 101 0 1.5 18.5
2  434 96 0 1.5 18.5
0

0101000
+702 119 -700 119 *
Wi

0101100
-757 118 +715 0 -710 0 +705 118 -703 118 -701 0 +699 0 +698 118 *
Fa
0  1e-07 96 0

0101000
+697 119 *
Ed
 1e-07 1 1 0
1  191 0 0 2
2  435 99 0 0 2
2  436 97 118 0 2
4 G1 99 0 97 118
0

0101000
+706 0 -750 0 *
Wi

0101100
-705 118 +714 0 -695 0 +749 118 *
Fa
0  1e-07 97 0

0101000
+694 119 *
Ed
 1e-07 1 1 0
1  192 0 0 2
2  437 100 0 0 2
2  438 98 118 0 2
4 G1 100 0 98 118
0

0101000
+704 0 -748 0 *
Wi

0101100
-703 118 +709 0 -692 0 +747 118 *
Fa
0  1e-07 98 0

0101000
+691 119 *
Ed
 1e-07 1 1 0
1  193 0 0 2
2  439 99 0 0 2
2  440 101 118 0 2
4 G1 99 0 101 118
0

0101000
+702 0 -746 0 *
Wi

0101100
+701 0 -689 0 +695 0 -745 0 *
Fa
0  0 99 0

0101000
+688 0 *
Ed
 1e-07 1 1 0
1  194 0 0 2
2  441 100 0 0 2
2  442 101 118 0 2
4 G1 100 0 101 118
0

0101000
+700 0 -744 0 *
Wi

0101100
+699 0 -686 0 +692 0 -743 0 *
Fa
0  0 100 0

0101000
+685 0 *
Wi

0101100
-742 118 -689 0 +686 0 +698 118 *
Fa
0  1e-07 101 0

0101000
+683 119 *
Ed
 1e-07 1 1 0
1  195 0 0 0.6
2  443 104 0 0 0.6
2  444 102 0 0 0.6
0

0101000
+740 131 -740 132 *
Ed
 1e-07 1 1 0
1  196 0 0 0.6
2  445 113 0 0 0.6
2  446 102 0 0 0.6
0

0101000
+739 131 -739 132 *
Wi

0101100
+681 0 -680 0 -738 125 +738 133 *
Fa
0  1e-07 102 0

0101000
+679 0 *
Ed
 1e-07 1 1 0
1  197 0 0 0.6
2  447 105 0 0 0.6
2  448 104 0 0 0.6
0

0101000
+737 131 -737 132 *
Wi

0101100
+677 0 -681 0 -736 125 +736 133 *
Fa
0  1e-07 104 0

0101000
+676 0 *
Ed
 1e-07 1 1 0
1  198 0 0 0.6
2  449 106 0 0 0.6
2  450 105 0 0 0.6
0

0101000
+735 131 -735 132 *
Wi

0101100
+674 0 -677 0 -734 125 +734 133 *
Fa
0  1e-07 105 0

0101000
+673 0 *
Ed
 1e-07 1 1 0
1  199 0 0 0.6
2  451 107 0 0 0.6
2  452 106 0 0 0.6
0

0101000
+733 131 -733 132 *
Wi

0101100
+671 0 -674 0 -732 125 +732 133 *
Fa
0  1e-07 106 0

0101000
+670 0 *
Ed
 1e-07 1 1 0
1  200 0 0 0.6
2  453 108 0 0 0.6
2  454 107 0 0 0.6
0

0101000
+731 131 -731 132 *
Wi

0101100
+668 0 -671 0 -730 125 +730 133 *
Fa
0  1e-07 107 0

0101000
+667 0 *
Ed
 1e-07 1 1 0
1  201 0 0 0.6
2  455 109 0 0 0.6
2  456 108 0 0 0.6
0

0101000
+729 131 -729 132 *
Wi

0101100
+665 0 -668 0 -728 125 +728 133 *
Fa
0  1e-07 108 0

0101000
+664 0 *
Ed
 1e-07 1 1 0
1  202 0 0 0.6
2  457 110 0 0 0.6
2  458 109 0 0 0.6
0

0101000
+727 131 -727 132 *
Wi

0101100
+662 0 -665 0 -726 125 +726 133 *
Fa
0  1e-07 109 0

0101000
+661 0 *
Ed
 1e-07 1 1 0
1  203 0 0 0.6
2  459 111 0 0 0.6
2  460 110 0 0 0.6
0

0101000
+725 131 -725 132 *
Wi

0101100
+659 0 -662 0 -724 125 +724 133 *
Fa
0  1e-07 110 0

0101000
+658 0 *
Ed
 1e-07 1 1 0
1  204 0 0 0.6
2  461 112 0 0 0.6
2  462 111 0 0 0.6
0

0101000
+723 131 -723 132 *
Wi

0101100
+656 0 -659 0 -722 125 +722 133 *
Fa
0  1e-07 111 0

0101000
+655 0 *
Ed
 1.00000000444089e-07 1 1 0
1  205 0 0 0.6
2  463 113 0 0 0.6
2  464 112 0 0 0.6
0

0101000
+721 131 -721 132 *
Wi

0101100
+653 0 -656 0 -720 125 +720 133 *
Fa
0  1e-07 112 0

0101000
+652 0 *
Wi

0101100
+680 0 -653 0 -719 125 +719 133 *
Fa
0  1e-07 113 0

0101000
+650 0 *
Wi

0101100
+719 0 +720 0 +722 0 +724 0 +726 0 +728 0 +730 0 +732 0 +734 0 +736 0 
+738 0 *
Ve
1e-07
0.897216796875 -1.38427734375 0
0 0

0101101
*
Ve
1e-07
0.897216796875 4.453125 0
0 0

0101101
*
Ed
 1e-07 1 1 0
1  206 0 0 5.83740234375
2  465 114 126 0 5.83740234375
2  466 114 128 0 5.83740234375
2  467 103 0 0 5.83740234375
2  468 93 129 0 5.83740234375
0

0101000
+647 130 -646 130 *
Ve
1e-07
-2.838134765625 -1.38427734375 0
0 0

0101101
*
Ed
 1e-07 1 1 0
1  207 0 0 6.93023213307384
2  469 115 126 0 6.93023213307384
2  470 115 128 0 6.93023213307384
2  471 103 0 0 6.93023213307384
2  472 93 129 0 6.93023213307384
0

0101000
+646 130 -644 130 *
Ed
 1e-07 1 1 0
1  208 0 0 3.7353515625
2  473 116 126 0 3.7353515625
2  474 116 128 0 3.7353515625
2  475 103 0 0 3.7353515625
2  476 93 129 0 3.7353515625
0

0101000
+644 130 -647 130 *
Wi

0101100
+645 0 +643 0 +642 0 *
Fa
0  1e-07 103 0

0101000
-648 0 -641 0 *
Ed
 1e-07 1 1 0
1  209 0 0 0.6
2  477 114 0 0 0.6
2  478 116 0 0 0.6
0

0101000
+647 131 -647 132 *
Ed
 1e-07 1 1 0
1  210 0 0 0.6
2  479 114 0 0 0.6
2  480 115 0 0 0.6
0

0101000
+646 131 -646 132 *
Wi

0101100
+639 0 -638 0 -645 125 +645 133 *
Fa
0  1e-07 114 0

0101000
+637 0 *
Ed
 1e-07 1 1 0
1  211 0 0 0.6
2  481 115 0 0 0.6
2  482 116 0 0 0.6
0

0101000
+644 131 -644 132 *
Wi

0101100
+638 0 -635 0 -643 125 +643 133 *
Fa
0  1e-07 115 0

0101000
+634 0 *
Wi

0101100
+635 0 -639 0 -642 125 +642 133 *
Fa
0  1e-07 116 0

0101000
+632 0 *
Wi

0101100
+642 125 +643 125 +645 125 *
Fa
0  1e-07 93 118

0101000
+630 0 *
Sh

0101100
-755 118 +717 0 +712 0 -707 0 -696 118 -693 118 +690 118 -687 0 +684 0 +682 118 
+678 0 +675 0 +672 0 +669 0 +666 0 +663 0 +660 0 +657 0 +654 0 +651 0 
+649 0 +640 133 +636 0 +633 0 +631 0 +629 0 *
So

0100000
+628 0 *
Co

0100000
+627 0 *
Ed
 1e-07 1 1 0
1  212 0 0 0.6
0

0101000
+739 138 -739 140 *
Ed
 1.00000000444089e-07 1 1 0
1  213 0 0 0.6
0

0101000
+721 138 -721 140 *
Wi

0101100
+625 0 -624 0 -719 141 +719 142 *
Fa
0  1e-07 117 0

0101000
+623 0 *
Ed
 1e-07 1 1 0
1  214 0 0 0.6
0

0101000
+723 138 -723 140 *
Wi

0101100
+624 0 -621 0 -720 141 +720 142 *
Fa
0  1e-07 118 0

0101000
+620 0 *
Ed
 1e-07 1 1 0
1  215 0 0 0.6
0

0101000
+725 138 -725 140 *
Wi

0101100
+621 0 -618 0 -722 141 +722 142 *
Fa
0  1e-07 119 0

0101000
+617 0 *
Ed
 1e-07 1 1 0
1  216 0 0 0.6
0

0101000
+727 138 -727 140 *
Wi

0101100
+618 0 -615 0 -724 141 +724 142 *
Fa
0  1e-07 120 0

0101000
+614 0 *
Ed
 1e-07 1 1 0
1  217 0 0 0.6
0

0101000
+729 138 -729 140 *
Wi

0101100
+615 0 -612 0 -726 141 +726 142 *
Fa
0  1e-07 121 0

0101000
+611 0 *
Ed
 1e-07 1 1 0
1  218 0 0 0.6
0

0101000
+731 138 -731 140 *
Wi

0101100
+612 0 -609 0 -728 141 +728 142 *
Fa
0  1e-07 122 0

0101000
+608 0 *
Ed
 1e-07 1 1 0
1  219 0 0 0.6
0

0101000
+733 138 -733 140 *
Wi

0101100
+609 0 -606 0 -730 141 +730 142 *
Fa
0  1e-07 123 0

0101000
+605 0 *
Ed
 1e-07 1 1 0
1  220 0 0 0.6
0

0101000
+735 138 -735 140 *
Wi

0101100
+606 0 -603 0 -732 141 +732 142 *
Fa
0  1e-07 124 0

0101000
+602 0 *
Ed
 1e-07 1 1 0
1  221 0 0 0.6
0

0101000
+737 138 -737 140 *
Wi

0101100
+603 0 -600 0 -734 141 +734 142 *
Fa
0  1e-07 125 0

0101000
+599 0 *
Ed
 1e-07 1 1 0
1  222 0 0 0.6
0

0101000
+740 138 -740 140 *
Wi

0101100
+600 0 -597 0 -736 141 +736 142 *
Fa
0  1e-07 126 0

0101000
+596 0 *
Wi

0101100
+597 0 -625 0 -738 141 +738 142 *
Fa
0  1e-07 127 0

0101000
+594 0 *
Ed
 1e-07 1 1 0
1  223 0 0 0.6
0

0101000
+647 138 -647 140 *
Ed
 1e-07 1 1 0
1  224 0 0 0.6
0

0101000
+646 138 -646 140 *
Wi

0101100
+592 0 -591 0 -645 141 +645 142 *
Fa
0  1e-07 128 0

0101000
+590 0 *
Ed
 1e-07 1 1 0
1  225 0 0 0.6
0

0101000
+644 138 -644 140 *
Wi

0101100
+591 0 -588 0 -643 141 +643 142 *
Fa
0  1e-07 129 0

0101000
+587 0 *
Wi

0101100
+588 0 -592 0 -642 141 +642 142 *
Fa
0  1e-07 130 0

0101000
+585 0 *
Sh

0101100
-622 0 -619 0 -616 0 -613 0 -610 0 -607 0 -604 0 -601 0 -598 0 -595 0 
-593 0 -589 0 -586 0 -584 0 +640 141 -640 142 *
So

0100000
+583 0 *
Co

0100000
+582 0 *
Co

0100000
+626 0 +581 0 *
Ve
1e-07
-10 -8.5 1
0 0

0101101
*
Ve
1e-07
-10 8.5 1
0 0

0101101
*
Ed
 1e-07 1 1 0
1  226 0 1.5 18.5
2  483 131 0 1.5 18.5
2  484 132 0 1.5 18.5
0

0101000
+579 149 -578 149 *
Ve
1e-07
-10 -8.5 -1
0 0

0101101
*
Ed
 1e-07 1 1 0
1  227 0 0 2
2  485 133 0 0 2
2  486 131 148 0 2
4 G1 133 0 131 148
0

0101000
+576 0 -579 0 *
Ve
1e-07
-10 8.5 -1
0 0

0101101
*
Ed
 1e-07 1 1 0
1  228 0 0 2
2  487 134 0 0 2
2  488 131 148 0 2
4 G1 134 0 131 148
0

0101000
+574 0 -578 0 *
Ed
 1e-07 1 1 0
1  229 0 1.5 18.5
2  489 131 0 1.5 18.5
2  490 135 0 1.5 18.5
0

0101000
+576 149 -574 149 *
Wi

0101100
-577 148 -575 0 +573 0 +572 148 *
Fa
0  1e-07 131 0

0101000
+571 149 *
Ve
1e-07
-8.5 -10 1
0 0

0101101
*
Ed
 1e-07 1 1 0
1  230 0 4.71238898038469 6.28318530717959
2  491 133 0 4.71238898038469 6.28318530717959
2  492 132 148 4.71238898038469 6.28318530717959
0

0101000
+579 0 -569 0 *
Ve
1e-07
-8.5 10 1
0 0

0101101
*
Ed
 1e-07 1 1 0
1  231 0 1.5707963267949 3.14159265358979
2  493 134 0 1.5707963267949 3.14159265358979
2  494 132 148 1.5707963267949 3.14159265358979
0

0101000
+578 0 -567 0 *
Ve
1e-07
8.5 -10 1
0 0

0101101
*
Ed
 1e-07 1 1 0
1  232 0 1.5 18.5
2  495 136 0 1.5 18.5
2  496 132 0 1.5 18.5
0

0101000
+569 149 -565 149 *
Ve
1e-07
8.5 10 1
0 0

0101101
*
Ed
 1e-07 1 1 0
1  233 0 1.5 18.5
2  497 137 0 1.5 18.5
2  498 132 0 1.5 18.5
0

0101000
+567 149 -563 149 *
Ve
1e-07
10 -8.5 1
0 0

0101101
*
Ed
 1e-07 1 1 0
1  234 0 4.71238898038469 6.28318530717959
2  499 138 0 4.71238898038469 6.28318530717959
2  500 132 148 4.71238898038469 6.28318530717959
0

0101000
+561 0 -565 0 *
Ve
1e-07
10 8.5 1
0 0

0101101
*
Ed
 1e-07 1 1 0
1  235 0 1.5707963267949 3.14159265358979
2  501 139 0 1.5707963267949 3.14159265358979
2  502 132 148 1.5707963267949 3.14159265358979
0

0101000
+559 0 -563 0 *
Ed
 1e-07 1 1 0
1  236 0 1.5 18.5
2  503 140 0 1.5 18.5
2  504 132 0 1.5 18.5
0

0101000
+561 149 -559 149 *
Wi

0101100
-577 148 +568 0 -566 0 +564 148 -562 148 -560 0 +558 0 +557 148 *
Ve
1e-07
-3.153076171875 0.2490234375 0
0 0

0101101
*
Ve
1e-07
-3.614501953125 -3.44970703125 0
0 0

0101101
*
Ed
 1e-07 1 1 0
1  237 0 0 13.1851851851852
2  505 141 151 0 13.1851851851852
2  506 141 153 0 13.1851851851852
2  507 142 158 0 13.1851851851852
2  508 132 159 0 13.1851851851852
2  509 143 164 0 13.1851851851852
2  510 143 166 0 13.1851851851852
0

0101000
+555 167 -554 167 *
Ve
1e-07
-3.614501953125 -4.9365234375 0
0 0

0101101
*
Ed
 1e-07 1 1 0
1  238 0 0 1.48681640625
2  511 144 169 0 1.48681640625
2  512 144 170 0 1.48681640625
2  513 142 0 0 1.48681640625
2  514 132 171 0 1.48681640625
0

0101000
+552 172 -554 172 *
Ve
1e-07
-1.798095703125 1.81640625 0
0 0

0101101
*
Ed
 1e-07 1 1 0
1  239 0 0 14.4409139224861
2  515 145 151 0 14.4409139224861
2  516 145 153 0 14.4409139224861
2  517 142 158 0 14.4409139224861
2  518 132 159 0 14.4409139224861
2  519 146 164 0 14.4409139224861
2  520 146 166 0 14.4409139224861
0

0101000
+552 167 -550 167 *
Ve
1e-07
-1.798095703125 4.4970703125 0
0 0

0101101
*
Ed
 1e-07 1 1 0
1  240 0 0 2.6806640625
2  521 147 169 0 2.6806640625
2  522 147 170 0 2.6806640625
2  523 142 0 0 2.6806640625
2  524 132 171 0 2.6806640625
0

0101000
+548 172 -550 172 *
Ve
1e-07
2.655029296875 4.4970703125 0
0 0

0101101
*
Ed
 1e-07 1 1 0
1  241 0 0 4.453125
2  525 148 169 0 4.453125
2  526 148 170 0 4.453125
2  527 142 0 0 4.453125
2  528 132 171 0 4.453125
0

0101000
+546 172 -548 172 *
Ve
1e-07
2.655029296875 5.7421875 0
0 0

0101101
*
Ed
 1e-07 1 1 0
1  242 0 0 1.2451171875
2  529 149 169 0 1.2451171875
2  530 149 170 0 1.2451171875
2  531 142 0 0 1.2451171875
2  532 132 171 0 1.2451171875
0

0101000
+544 172 -546 172 *
Ve
1e-07
-3.153076171875 5.7421875 0
0 0

0101101
*
Ed
 1e-07 1 1 0
1  243 0 0 5.80810546875
2  533 150 169 0 5.80810546875
2  534 150 170 0 5.80810546875
2  535 142 0 0 5.80810546875
2  536 132 171 0 5.80810546875
0

0101000
+542 172 -544 172 *
Ed
 1e-07 1 1 0
1  244 0 0 5.4931640625
2  537 151 169 0 5.4931640625
2  538 151 170 0 5.4931640625
2  539 142 0 0 5.4931640625
2  540 132 171 0 5.4931640625
0

0101000
+555 172 -542 172 *
Wi

0101100
-553 150 +551 168 -549 150 +547 168 +545 168 +543 168 +541 168 +540 168 *
Fa
0  1e-07 132 148

0101000
+556 0 +539 0 *
Ve
1e-07
-8.5 -10 -1
0 0

0101101
*
Ed
 1e-07 1 1 0
1  245 0 4.71238898038469 6.28318530717959
2  541 133 0 4.71238898038469 6.28318530717959
2  542 135 148 4.71238898038469 6.28318530717959
0

0101000
+576 0 -537 0 *
Ed
 1e-07 1 1 0
1  246 0 0 2
2  543 133 0 0 2
2  544 136 148 0 2
4 G1 133 0 136 148
0

0101000
+537 0 -569 0 *
Wi

0101100
+536 0 -575 0 +535 0 -568 0 *
Fa
0  0 133 0

0101000
+534 0 *
Ve
1e-07
-8.5 10 -1
0 0

0101101
*
Ed
 1e-07 1 1 0
1  247 0 1.5707963267949 3.14159265358979
2  545 134 0 1.5707963267949 3.14159265358979
2  546 135 148 1.5707963267949 3.14159265358979
0

0101000
+574 0 -532 0 *
Ed
 1e-07 1 1 0
1  248 0 0 2
2  547 134 0 0 2
2  548 137 148 0 2
4 G1 134 0 137 148
0

0101000
+532 0 -567 0 *
Wi

0101100
+531 0 -573 0 +530 0 -566 0 *
Fa
0  0 134 0

0101000
+529 0 *
Ve
1e-07
8.5 -10 -1
0 0

0101101
*
Ed
 1e-07 1 1 0
1  249 0 1.5 18.5
2  549 136 0 1.5 18.5
2  550 135 0 1.5 18.5
0

0101000
+537 149 -527 149 *
Ve
1e-07
8.5 10 -1
0 0

0101101
*
Ed
 1e-07 1 1 0
1  250 0 1.5 18.5
2  551 137 0 1.5 18.5
2  552 135 0 1.5 18.5
0

0101000
+532 149 -525 149 *
Ve
1e-07
10 -8.5 -1
0 0

0101101
*
Ed
 1e-07 1 1 0
1  251 0 4.71238898038469 6.28318530717959
2  553 138 0 4.71238898038469 6.28318530717959
2  554 135 148 4.71238898038469 6.28318530717959
0

0101000
+523 0 -527 0 *
Ve
1e-07
10 8.5 -1
0 0

0101101
*
Ed
 1e-07 1 1 0
1  252 0 1.5707963267949 3.14159265358979
2  555 139 0 1.5707963267949 3.14159265358979
2  556 135 148 1.5707963267949 3.14159265358979
0

0101000
+521 0 -525 0 *
Ed
 1e-07 1 1 0
1  253 0 1.5 18.5
2  557 140 0 1.5 18.5
2  558 135 0 1.5 18.5
0

0101000
+523 149 -521 149 *
Wi

0101100
-572 148 +536 0 -531 0 +526 148 -524 148 -522 0 +520 0 +519 148 *
Fa
0  1e-07 135 0

0101000
+518 149 *
Ed
 1e-07 1 1 0
1  254 0 0 2
2  559 138 0 0 2
2  560 136 148 0 2
4 G1 138 0 136 148
0

0101000
+527 0 -565 0 *
Wi

0101100
-526 148 +535 0 -516 0 +564 148 *
Fa
0  1e-07 136 0

0101000
+515 149 *
Ed
 1e-07 1 1 0
1  255 0 0 2
2  561 139 0 0 2
2  562 137 148 0 2
4 G1 139 0 137 148
0

0101000
+525 0 -563 0 *
Wi

0101100
-524 148 +530 0 -513 0 +562 148 *
Fa
0  1e-07 137 0

0101000
+512 149 *
Ed
 1e-07 1 1 0
1  256 0 0 2
2  563 138 0 0 2
2  564 140 148 0 2
4 G1 138 0 140 148
0

0101000
+523 0 -561 0 *
Wi

0101100
+522 0 -510 0 +516 0 -560 0 *
Fa
0  0 138 0

0101000
+509 0 *
Ed
 1e-07 1 1 0
1  257 0 0 2
2  565 139 0 0 2
2  566 140 148 0 2
4 G1 139 0 140 148
0

0101000
+521 0 -559 0 *
Wi

0101100
+520 0 -507 0 +513 0 -558 0 *
Fa
0  0 139 0

0101000
+506 0 *
Wi

0101100
-557 148 -510 0 +507 0 +519 148 *
Fa
0  1e-07 140 0

0101000
+504 149 *
Ed
 1e-07 1 1 0
1  258 0 0 0.6
2  567 141 0 0 0.6
2  568 151 0 0 0.6
0

0101000
+555 173 -555 174 *
Ed
 1e-07 1 1 0
1  259 0 0 0.6
2  569 141 0 0 0.6
2  570 144 0 0 0.6
0

0101000
+554 173 -554 174 *
Wi

0101100
+502 0 -501 0 -553 150 +553 175 *
Fa
0  1e-07 141 0

0101000
+500 0 *
Ed
 1e-07 1 1 0
1  260 0 0 0.6
2  571 145 0 0 0.6
2  572 144 0 0 0.6
0

0101000
+552 173 -552 174 *
Wi

0101100
+498 0 -501 0 -551 168 +551 176 *
Fa
0  1e-07 144 0

0101000
+497 0 *
Ed
 1e-07 1 1 0
1  261 0 0 0.6
2  573 145 0 0 0.6
2  574 147 0 0 0.6
0

0101000
+550 173 -550 174 *
Wi

0101100
+498 0 -495 0 -549 150 +549 175 *
Fa
0  1e-07 145 0

0101000
+494 0 *
Ed
 1e-07 1 1 0
1  262 0 0 0.6
2  575 148 0 0 0.6
2  576 147 0 0 0.6
0

0101000
+548 173 -548 174 *
Wi

0101100
+492 0 -495 0 -547 168 +547 176 *
Fa
0  1e-07 147 0

0101000
+491 0 *
Ed
 1e-07 1 1 0
1  263 0 0 0.6
2  577 149 0 0 0.6
2  578 148 0 0 0.6
0

0101000
+546 173 -546 174 *
Wi

0101100
+489 0 -492 0 -545 168 +545 176 *
Fa
0  1e-07 148 0

0101000
+488 0 *
Ed
 1e-07 1 1 0
1  264 0 0 0.6
2  579 150 0 0 0.6
2  580 149 0 0 0.6
0

0101000
+544 173 -544 174 *
Wi

0101100
+486 0 -489 0 -543 168 +543 176 *
Fa
0  1e-07 149 0

0101000
+485 0 *
Ed
 1e-07 1 1 0
1  265 0 0 0.6
2  581 151 0 0 0.6
2  582 150 0 0 0.6
0

0101000
+542 173 -542 174 *
Wi

0101100
+483 0 -486 0 -541 168 +541 176 *
Fa
0  1e-07 150 0

0101000
+482 0 *
Wi

0101100
+502 0 -483 0 -540 168 +540 176 *
Fa
0  1e-07 151 0

0101000
+480 0 *
Wi

0101100
+540 0 +541 0 +543 0 +545 0 +547 0 -549 177 +551 0 -553 177 *
Fa
0  1e-07 142 0

0101000
-478 0 *
Sh

0101100
-570 148 +538 0 +533 0 -528 0 -517 148 -514 148 +511 148 -508 0 +505 0 +503 148 
-499 0 +496 0 -493 0 +490 0 +487 0 +484 0 +481 0 +479 0 +477 176 *
So

0100000
+476 0 *
Co

0100000
+475 0 *
Ed
 1e-07 1 1 0
1  266 0 0 0.6
2  583 143 0 0 0.6
0

0101000
+555 178 -555 179 *
Ed
 1e-07 1 1 0
1  267 0 0 0.6
0

0101000
+542 178 -542 179 *
Wi

0101100
+473 0 -472 0 -540 180 +540 181 *
Fa
0  1e-07 152 0

0101000
+471 0 *
Ed
 1e-07 1 1 0
1  268 0 0 0.6
0

0101000
+544 178 -544 179 *
Wi

0101100
+472 0 -469 0 -541 180 +541 181 *
Fa
0  1e-07 153 0

0101000
+468 0 *
Ed
 1e-07 1 1 0
1  269 0 0 0.6
0

0101000
+546 178 -546 179 *
Wi

0101100
+469 0 -466 0 -543 180 +543 181 *
Fa
0  1e-07 154 0

0101000
+465 0 *
Ed
 1e-07 1 1 0
1  270 0 0 0.6
0

0101000
+548 178 -548 179 *
Wi

0101100
+466 0 -463 0 -545 180 +545 181 *
Fa
0  1e-07 155 0

0101000
+462 0 *
Ed
 1e-07 1 1 0
1  271 0 0 0.6
2  584 146 0 0 0.6
0

0101000
+550 178 -550 179 *
Wi

0101100
+463 0 -460 0 -547 180 +547 181 *
Fa
0  1e-07 156 0

0101000
+459 0 *
Ed
 1e-07 1 1 0
1  272 0 0 0.6
2  585 146 0 0 0.6
0

0101000
+552 178 -552 179 *
Wi

0101100
+457 0 -460 0 -549 182 +549 183 *
Fa
0  1e-07 146 0

0101000
+456 0 *
Ed
 1e-07 1 1 0
1  273 0 0 0.6
2  586 143 0 0 0.6
0

0101000
+554 178 -554 179 *
Wi

0101100
+457 0 -454 0 -551 180 +551 181 *
Fa
0  1e-07 157 0

0101000
+453 0 *
Wi

0101100
+473 0 -454 0 -553 182 +553 183 *
Fa
0  1e-07 143 0

0101000
+451 0 *
Sh

0101100
-470 0 -467 0 -464 0 -461 0 -458 0 +455 0 -452 0 +450 0 +477 180 -477 181 
*
So

0100000
+449 0 *
Co

0100000
+448 0 *
Co

0100000
+474 0 +447 0 *
Ve
1e-07
-10 -8.5 1
0 0

0101101
*
Ve
1e-07
-10 8.5 1
0 0

0101101
*
Ed
 1e-07 1 1 0
1  274 0 1.5 18.5
2  587 158 0 1.5 18.5
2  588 159 0 1.5 18.5
0

0101000
+445 190 -444 190 *
Ve
1e-07
-10 -8.5 -1
0 0

0101101
*
Ed
 1e-07 1 1 0
1  275 0 0 2
2  589 160 0 0 2
2  590 158 189 0 2
4 G1 160 0 158 189
0

0101000
+442 0 -445 0 *
Ve
1e-07
-10 8.5 -1
0 0

0101101
*
Ed
 1e-07 1 1 0
1  276 0 0 2
2  591 161 0 0 2
2  592 158 189 0 2
4 G1 161 0 158 189
0

0101000
+440 0 -444 0 *
Ed
 1e-07 1 1 0
1  277 0 1.5 18.5
2  593 158 0 1.5 18.5
2  594 162 0 1.5 18.5
0

0101000
+442 190 -440 190 *
Wi

0101100
-443 189 -441 0 +439 0 +438 189 *
Fa
0  1e-07 158 0

0101000
+437 190 *
Ve
1e-07
-8.5 -10 1
0 0

0101101
*
Ed
 1e-07 1 1 0
1  278 0 4.71238898038469 6.28318530717959
2  595 160 0 4.71238898038469 6.28318530717959
2  596 159 189 4.71238898038469 6.28318530717959
0

0101000
+445 0 -435 0 *
Ve
1e-07
-8.5 10 1
0 0

0101101
*
Ed
 1e-07 1 1 0
1  279 0 1.5707963267949 3.14159265358979
2  597 161 0 1.5707963267949 3.14159265358979
2  598 159 189 1.5707963267949 3.14159265358979
0

0101000
+444 0 -433 0 *
Ve
1e-07
8.5 -10 1
0 0

0101101
*
Ed
 1e-07 1 1 0
1  280 0 1.5 18.5
2  599 163 0 1.5 18.5
2  600 159 0 1.5 18.5
0

0101000
+435 190 -431 190 *
Ve
1e-07
8.5 10 1
0 0

0101101
*
Ed
 1e-07 1 1 0
1  281 0 1.5 18.5
2  601 164 0 1.5 18.5
2  602 159 0 1.5 18.5
0

0101000
+433 190 -429 190 *
Ve
1e-07
10 -8.5 1
0 0

0101101
*
Ed
 1e-07 1 1 0
1  282 0 4.71238898038469 6.28318530717959
2  603 165 0 4.71238898038469 6.28318530717959
2  604 159 189 4.71238898038469 6.28318530717959
0

0101000
+427 0 -431 0 *
Ve
1e-07
10 8.5 1
0 0

0101101
*
Ed
 1e-07 1 1 0
1  283 0 1.5707963267949 3.14159265358979
2  605 166 0 1.5707963267949 3.14159265358979
2  606 159 189 1.5707963267949 3.14159265358979
0

0101000
+425 0 -429 0 *
Ed
 1e-07 1 1 0
1  284 0 1.5 18.5
2  607 167 0 1.5 18.5
2  608 159 0 1.5 18.5
0

0101000
+427 190 -425 190 *
Wi

0101100
-443 189 +434 0 -432 0 +430 189 -428 189 -426 0 +424 0 +423 189 *
Ve
1e-07
3.116455078125 5.50048828125 0
0 0

0101101
*
Ve
1e-07
-2.252197265625 0.7177734375 0
0 0

0101101
*
Ed
 1e-07 1 1 0
1  285 0 0 34.7331632310498
2  609 168 192 0 34.7331632310498
2  610 168 194 0 34.7331632310498
2  611 169 199 0 34.7331632310498
2  612 159 200 0 34.7331632310498
2  613 170 205 0 34.7331632310498
2  614 170 207 0 34.7331632310498
0

0101000
+421 208 -420 208 *
Ve
1e-07
3.116455078125 4.15283203125 0
0 0

0101101
*
Ed
 1e-07 1 1 0
1  286 0 0 2.76
2  615 171 192 0 2.76
2  616 171 194 0 2.76
2  617 169 199 0 2.76
2  618 159 200 0 2.76
2  619 172 205 0 2.76
2  620 172 207 0 2.76
0

0101000
+420 208 -418 208 *
Ed
 1e-07 1 1 0
1  287 0 0 1.34765625
2  621 173 210 0 1.34765625
2  622 173 211 0 1.34765625
2  623 169 0 0 1.34765625
2  624 159 212 0 1.34765625
0

0101000
+421 213 -418 213 *
Wi

0101100
-419 191 -417 191 +416 209 *
Fa
0  1e-07 159 189

0101000
+422 0 +415 0 *
Ve
1e-07
-8.5 -10 -1
0 0

0101101
*
Ed
 1e-07 1 1 0
1  288 0 4.71238898038469 6.28318530717959
2  625 160 0 4.71238898038469 6.28318530717959
2  626 162 189 4.71238898038469 6.28318530717959
0

0101000
+442 0 -413 0 *
Ed
 1e-07 1 1 0
1  289 0 0 2
2  627 160 0 0 2
2  628 163 189 0 2
4 G1 160 0 163 189
0

0101000
+413 0 -435 0 *
Wi

0101100
+412 0 -441 0 +411 0 -434 0 *
Fa
0  0 160 0

0101000
+410 0 *
Ve
1e-07
-8.5 10 -1
0 0

0101101
*
Ed
 1e-07 1 1 0
1  290 0 1.5707963267949 3.14159265358979
2  629 161 0 1.5707963267949 3.14159265358979
2  630 162 189 1.5707963267949 3.14159265358979
0

0101000
+440 0 -408 0 *
Ed
 1e-07 1 1 0
1  291 0 0 2
2  631 161 0 0 2
2  632 164 189 0 2
4 G1 161 0 164 189
0

0101000
+408 0 -433 0 *
Wi

0101100
+407 0 -439 0 +406 0 -432 0 *
Fa
0  0 161 0

0101000
+405 0 *
Ve
1e-07
8.5 -10 -1
0 0

0101101
*
Ed
 1e-07 1 1 0
1  292 0 1.5 18.5
2  633 163 0 1.5 18.5
2  634 162 0 1.5 18.5
0

0101000
+413 190 -403 190 *
Ve
1e-07
8.5 10 -1
0 0

0101101
*
Ed
 1e-07 1 1 0
1  293 0 1.5 18.5
2  635 164 0 1.5 18.5
2  636 162 0 1.5 18.5
0

0101000
+408 190 -401 190 *
Ve
1e-07
10 -8.5 -1
0 0

0101101
*
Ed
 1e-07 1 1 0
1  294 0 4.71238898038469 6.28318530717959
2  637 165 0 4.71238898038469 6.28318530717959
2  638 162 189 4.71238898038469 6.28318530717959
0

0101000
+399 0 -403 0 *
Ve
1e-07
10 8.5 -1
0 0

0101101
*
Ed
 1e-07 1 1 0
1  295 0 1.5707963267949 3.14159265358979
2  639 166 0 1.5707963267949 3.14159265358979
2  640 162 189 1.5707963267949 3.14159265358979
0

0101000
+397 0 -401 0 *
Ed
 1e-07 1 1 0
1  296 0 1.5 18.5
2  641 167 0 1.5 18.5
2  642 162 0 1.5 18.5
0

0101000
+399 190 -397 190 *
Wi

0101100
-438 189 +412 0 -407 0 +402 189 -400 189 -398 0 +396 0 +395 189 *
Fa
0  1e-07 162 0

0101000
+394 190 *
Ed
 1e-07 1 1 0
1  297 0 0 2
2  643 165 0 0 2
2  644 163 189 0 2
4 G1 165 0 163 189
0

0101000
+403 0 -431 0 *
Wi

0101100
-402 189 +411 0 -392 0 +430 189 *
Fa
0  1e-07 163 0

0101000
+391 190 *
Ed
 1e-07 1 1 0
1  298 0 0 2
2  645 166 0 0 2
2  646 164 189 0 2
4 G1 166 0 164 189
0

0101000
+401 0 -429 0 *
Wi

0101100
-400 189 +406 0 -389 0 +428 189 *
Fa
0  1e-07 164 0

0101000
+388 190 *
Ed
 1e-07 1 1 0
1  299 0 0 2
2  647 165 0 0 2
2  648 167 189 0 2
4 G1 165 0 167 189
0

0101000
+399 0 -427 0 *
Wi

0101100
+398 0 -386 0 +392 0 -426 0 *
Fa
0  0 165 0

0101000
+385 0 *
Ed
 1e-07 1 1 0
1  300 0 0 2
2  649 166 0 0 2
2  650 167 189 0 2
4 G1 166 0 167 189
0

0101000
+397 0 -425 0 *
Wi

0101100
+396 0 -383 0 +389 0 -424 0 *
Fa
0  0 166 0

0101000
+382 0 *
Wi

0101100
-423 189 -386 0 +383 0 +395 189 *
Fa
0  1e-07 167 0

0101000
+380 190 *
Ed
 1e-07 1 1 0
1  301 0 0 0.6
2  651 168 0 0 0.6
2  652 173 0 0 0.6
0

0101000
+421 214 -421 215 *
Ed
 1e-07 1 1 0
1  302 0 0 0.6
2  653 171 0 0 0.6
2  654 168 0 0 0.6
0

0101000
+420 214 -420 215 *
Wi

0101100
+378 0 -377 0 -419 191 +419 216 *
Fa
0  1e-07 168 0

0101000
+376 0 *
Ed
 1e-07 1 1 0
1  303 0 0 0.6
2  655 171 0 0 0.6
2  656 173 0 0 0.6
0

0101000
+418 214 -418 215 *
Wi

0101100
+377 0 -374 0 -417 191 +417 216 *
Fa
0  1e-07 171 0

0101000
+373 0 *
Wi

0101100
+378 0 -374 0 -416 209 +416 217 *
Fa
0  1e-07 173 0

0101000
+371 0 *
Wi

0101100
+416 0 -417 218 -419 218 *
Ve
1e-07
0.179443359375 0.8642578125 0
0 0

0101101
*
Ed
 1e-07 1 1 0
1  304 0 0 7.97530864197531
2  657 174 192 0 7.97530864197531
2  658 174 194 0 7.97530864197531
2  659 169 199 0 7.97530864197531
2  660 159 200 0 7.97530864197531
2  661 175 205 0 7.97530864197531
2  662 175 207 0 7.97530864197531
0

0101100
+368 208 -368 208 *
Wi

0101100
-367 218 *
Fa
0  1e-07 169 0

0101000
-369 0 -366 0 *
Ed
 1e-07 1 1 0
1  305 0 0 0.6
3  663 664C1 174 0 0 0.6
0

0101000
+368 214 -368 215 *
Wi

0101100
+364 0 -364 0 -367 191 +367 216 *
Fa
0  1e-07 174 0

0101000
+363 0 *
Wi

0101100
-367 191 *
Fa
0  1e-07 159 189

0101000
+361 0 *
Sh

0101100
-436 189 +414 0 +409 0 -404 0 -393 189 -390 189 +387 189 -384 0 +381 0 +379 189 
-375 0 -372 0 +370 0 +365 217 -362 0 +360 0 *
So

0100000
+359 0 *
Co

0100000
+358 0 *
Ed
 1e-07 1 1 0
1  306 0 0 0.6
2  665 170 0 0 0.6
0

0101000
+421 219 -421 220 *
Ed
 1e-07 1 1 0
1  307 0 0 0.6
2  666 172 0 0 0.6
0

0101000
+418 219 -418 220 *
Wi

0101100
+356 0 -355 0 -416 221 +416 222 *
Fa
0  1e-07 176 0

0101000
+354 0 *
Ed
 1e-07 1 1 0
1  308 0 0 0.6
2  667 172 0 0 0.6
2  668 170 0 0 0.6
0

0101000
+420 219 -420 220 *
Wi

0101100
+352 0 -355 0 -417 223 +417 224 *
Fa
0  1e-07 172 0

0101000
+351 0 *
Wi

0101100
+356 0 -352 0 -419 223 +419 224 *
Fa
0  1e-07 170 0

0101000
+349 0 *
Ed
 1e-07 1 1 0
1  309 0 0 0.6
3  669 670C1 175 0 0 0.6
0

0101000
+368 219 -368 220 *
Wi

0101100
+347 0 -347 0 -367 223 +367 224 *
Fa
0  1e-07 175 0

0101000
+346 0 *
Sh

0101100
-353 0 +350 0 +348 0 +345 0 +365 221 -365 222 *
So

0100000
+344 0 *
Co

0100000
+343 0 *
Co

0100000
+357 0 +342 0 *
Ve
1e-07
-10 -8.5 1
0 0

0101101
*
Ve
1e-07
-10 8.5 1
0 0

0101101
*
Ed
 1e-07 1 1 0
1  310 0 1.5 18.5
2  671 177 0 1.5 18.5
2  672 178 0 1.5 18.5
0

0101000
+340 231 -339 231 *
Ve
1e-07
-10 -8.5 -1
0 0

0101101
*
Ed
 1e-07 1 1 0
1  311 0 0 2
2  673 179 0 0 2
2  674 177 230 0 2
4 G1 179 0 177 230
0

0101000
+337 0 -340 0 *
Ve
1e-07
-10 8.5 -1
0 0

0101101
*
Ed
 1e-07 1 1 0
1  312 0 0 2
2  675 180 0 0 2
2  676 177 230 0 2
4 G1 180 0 177 230
0

0101000
+335 0 -339 0 *
Ed
 1e-07 1 1 0
1  313 0 1.5 18.5
2  677 177 0 1.5 18.5
2  678 181 0 1.5 18.5
0

0101000
+337 231 -335 231 *
Wi

0101100
-338 230 -336 0 +334 0 +333 230 *
Fa
0  1e-07 177 0

0101000
+332 231 *
Ve
1e-07
-8.5 -10 1
0 0

0101101
*
Ed
 1e-07 1 1 0
1  314 0 4.71238898038469 6.28318530717959
2  679 179 0 4.71238898038469 6.28318530717959
2  680 178 230 4.71238898038469 6.28318530717959
0

0101000
+340 0 -330 0 *
Ve
1e-07
-8.5 10 1
0 0

0101101
*
Ed
 1e-07 1 1 0
1  315 0 1.5707963267949 3.14159265358979
2  681 180 0 1.5707963267949 3.14159265358979
2  682 178 230 1.5707963267949 3.14159265358979
0

0101000
+339 0 -328 0 *
Ve
1e-07
8.5 -10 1
0 0

0101101
*
Ed
 1e-07 1 1 0
1  316 0 1.5 18.5
2  683 182 0 1.5 18.5
2  684 178 0 1.5 18.5
0

0101000
+330 231 -326 231 *
Ve
1e-07
8.5 10 1
0 0

0101101
*
Ed
 1e-07 1 1 0
1  317 0 1.5 18.5
2  685 183 0 1.5 18.5
2  686 178 0 1.5 18.5
0

0101000
+328 231 -324 231 *
Ve
1e-07
10 -8.5 1
0 0

0101101
*
Ed
 1e-07 1 1 0
1  318 0 4.71238898038469 6.28318530717959
2  687 184 0 4.71238898038469 6.28318530717959
2  688 178 230 4.71238898038469 6.28318530717959
0

0101000
+322 0 -326 0 *
Ve
1e-07
10 8.5 1
0 0

0101101
*
Ed
 1e-07 1 1 0
1  319 0 1.5707963267949 3.14159265358979
2  689 185 0 1.5707963267949 3.14159265358979
2  690 178 230 1.5707963267949 3.14159265358979
0

0101000
+320 0 -324 0 *
Ed
 1e-07 1 1 0
1  320 0 1.5 18.5
2  691 186 0 1.5 18.5
2  692 178 0 1.5 18.5
0

0101000
+322 231 -320 231 *
Wi

0101100
-338 230 +329 0 -327 0 +325 230 -323 230 -321 0 +319 0 +318 230 *
Ve
1e-07
1.710205078125 4.4970703125 0
0 0

0101101
*
Ve
1e-07
-3.541259765625 4.4970703125 0
0 0

0101101
*
Ed
 1e-07 1 1 0
1  321 0 0 5.25146484375
2  693 187 238 0 5.25146484375
2  694 187 240 0 5.25146484375
2  695 188 0 0 5.25146484375
2  696 178 241 0 5.25146484375
0

0101000
+316 242 -315 242 *
Ve
1e-07
-2.025146484375 -5.19287109375 0
0 0

0101101
*
Ed
 1e-07 1 1 0
1  322 0 0 10.3849802961792
2  697 189 238 0 10.3849802961792
2  698 189 240 0 10.3849802961792
2  699 188 0 0 10.3849802961792
2  700 178 241 0 10.3849802961792
0

0101000
+313 242 -316 242 *
Ve
1e-07
-0.479736328125 -5.19287109375 0
0 0

0101101
*
Ed
 1e-07 1 1 0
1  323 0 0 1.54541015625
2  701 190 238 0 1.54541015625
2  702 190 240 0 1.54541015625
2  703 188 0 0 1.54541015625
2  704 178 241 0 1.54541015625
0

0101000
+311 242 -313 242 *
Ve
1e-07
3.489990234375 5.1123046875 0
0 0

0101101
*
Ed
 1e-07 1 1 0
1  324 0 0 11.0433408379656
2  705 191 238 0 11.0433408379656
2  706 191 240 0 11.0433408379656
2  707 188 0 0 11.0433408379656
2  708 178 241 0 11.0433408379656
0

0101000
+309 242 -311 242 *
Ve
1e-07
3.489990234375 5.7421875 0
0 0

0101101
*
Ed
 1e-07 1 1 0
1  325 0 0 0.6298828125
2  709 192 238 0 0.6298828125
2  710 192 240 0 0.6298828125
2  711 188 0 0 0.6298828125
2  712 178 241 0 0.6298828125
0

0101000
+307 242 -309 242 *
Ve
1e-07
-3.541259765625 5.7421875 0
0 0

0101101
*
Ed
 1e-07 1 1 0
1  326 0 0 7.03125
2  713 193 238 0 7.03125
2  714 193 240 0 7.03125
2  715 188 0 0 7.03125
2  716 178 241 0 7.03125
0

0101000
+305 242 -307 242 *
Ed
 1e-07 1 1 0
1  327 0 0 1.2451171875
2  717 194 238 0 1.2451171875
2  718 194 240 0 1.2451171875
2  719 188 0 0 1.2451171875
2  720 178 241 0 1.2451171875
0

0101000
+315 242 -305 242 *
Wi

0101100
+314 237 +312 237 +310 237 +308 237 +306 237 +304 237 +303 237 *
Fa
0  1e-07 178 230

0101000
+317 0 +302 0 *
Ve
1e-07
-8.5 -10 -1
0 0

0101101
*
Ed
 1e-07 1 1 0
1  328 0 4.71238898038469 6.28318530717959
2  721 179 0 4.71238898038469 6.28318530717959
2  722 181 230 4.71238898038469 6.28318530717959
0

0101000
+337 0 -300 0 *
Ed
 1e-07 1 1 0
1  329 0 0 2
2  723 179 0 0 2
2  724 182 230 0 2
4 G1 179 0 182 230
0

0101000
+300 0 -330 0 *
Wi

0101100
+299 0 -336 0 +298 0 -329 0 *
Fa
0  0 179 0

0101000
+297 0 *
Ve
1e-07
-8.5 10 -1
0 0

0101101
*
Ed
 1e-07 1 1 0
1  330 0 1.5707963267949 3.14159265358979
2  725 180 0 1.5707963267949 3.14159265358979
2  726 181 230 1.5707963267949 3.14159265358979
0

0101000
+335 0 -295 0 *
Ed
 1e-07 1 1 0
1  331 0 0 2
2  727 180 0 0 2
2  728 183 230 0 2
4 G1 180 0 183 230
0

0101000
+295 0 -328 0 *
Wi

0101100
+294 0 -334 0 +293 0 -327 0 *
Fa
0  0 180 0

0101000
+292 0 *
Ve
1e-07
8.5 -10 -1
0 0

0101101
*
Ed
 1e-07 1 1 0
1  332 0 1.5 18.5
2  729 182 0 1.5 18.5
2  730 181 0 1.5 18.5
0

0101000
+300 231 -290 231 *
Ve
1e-07
8.5 10 -1
0 0

0101101
*
Ed
 1e-07 1 1 0
1  333 0 1.5 18.5
2  731 183 0 1.5 18.5
2  732 181 0 1.5 18.5
0

0101000
+295 231 -288 231 *
Ve
1e-07
10 -8.5 -1
0 0

0101101
*
Ed
 1e-07 1 1 0
1  334 0 4.71238898038469 6.28318530717959
2  733 184 0 4.71238898038469 6.28318530717959
2  734 181 230 4.71238898038469 6.28318530717959
0

0101000
+286 0 -290 0 *
Ve
1e-07
10 8.5 -1
0 0

0101101
*
Ed
 1e-07 1 1 0
1  335 0 1.5707963267949 3.14159265358979
2  735 185 0 1.5707963267949 3.14159265358979
2  736 181 230 1.5707963267949 3.14159265358979
0

0101000
+284 0 -288 0 *
Ed
 1e-07 1 1 0
1  336 0 1.5 18.5
2  737 186 0 1.5 18.5
2  738 181 0 1.5 18.5
0

0101000
+286 231 -284 231 *
Wi

0101100
-333 230 +299 0 -294 0 +289 230 -287 230 -285 0 +283 0 +282 230 *
Fa
0  1e-07 181 0

0101000
+281 231 *
Ed
 1e-07 1 1 0
1  337 0 0 2
2  739 184 0 0 2
2  740 182 230 0 2
4 G1 184 0 182 230
0

0101000
+290 0 -326 0 *
Wi

0101100
-289 230 +298 0 -279 0 +325 230 *
Fa
0  1e-07 182 0

0101000
+278 231 *
Ed
 1e-07 1 1 0
1  338 0 0 2
2  741 185 0 0 2
2  742 183 230 0 2
4 G1 185 0 183 230
0

0101000
+288 0 -324 0 *
Wi

0101100
-287 230 +293 0 -276 0 +323 230 *
Fa
0  1e-07 183 0

0101000
+275 231 *
Ed
 1e-07 1 1 0
1  339 0 0 2
2  743 184 0 0 2
2  744 186 230 0 2
4 G1 184 0 186 230
0

0101000
+286 0 -322 0 *
Wi

0101100
+285 0 -273 0 +279 0 -321 0 *
Fa
0  0 184 0

0101000
+272 0 *
Ed
 1e-07 1 1 0
1  340 0 0 2
2  745 185 0 0 2
2  746 186 230 0 2
4 G1 185 0 186 230
0

0101000
+284 0 -320 0 *
Wi

0101100
+283 0 -270 0 +276 0 -319 0 *
Fa
0  0 185 0

0101000
+269 0 *
Wi

0101100
-318 230 -273 0 +270 0 +282 230 *
Fa
0  1e-07 186 0

0101000
+267 231 *
Ed
 1e-07 1 1 0
1  341 0 0 0.6
2  747 189 0 0 0.6
2  748 187 0 0 0.6
0

0101000
+316 243 -316 244 *
Ed
 1e-07 1 1 0
1  342 0 0 0.6
2  749 194 0 0 0.6
2  750 187 0 0 0.6
0

0101000
+315 243 -315 244 *
Wi

0101100
+265 0 -264 0 -314 237 +314 245 *
Fa
0  1e-07 187 0

0101000
+263 0 *
Ed
 1e-07 1 1 0
1  343 0 0 0.6
2  751 190 0 0 0.6
2  752 189 0 0 0.6
0

0101000
+313 243 -313 244 *
Wi

0101100
+261 0 -265 0 -312 237 +312 245 *
Fa
0  1e-07 189 0

0101000
+260 0 *
Ed
 1e-07 1 1 0
1  344 0 0 0.6
2  753 191 0 0 0.6
2  754 190 0 0 0.6
0

0101000
+311 243 -311 244 *
Wi

0101100
+258 0 -261 0 -310 237 +310 245 *
Fa
0  1e-07 190 0

0101000
+257 0 *
Ed
 1e-07 1 1 0
1  345 0 0 0.6
2  755 192 0 0 0.6
2  756 191 0 0 0.6
0

0101000
+309 243 -309 244 *
Wi

0101100
+255 0 -258 0 -308 237 +308 245 *
Fa
0  1e-07 191 0

0101000
+254 0 *
Ed
 1e-07 1 1 0
1  346 0 0 0.6
2  757 193 0 0 0.6
2  758 192 0 0 0.6
0

0101000
+307 243 -307 244 *
Wi

0101100
+252 0 -255 0 -306 237 +306 245 *
Fa
0  1e-07 192 0

0101000
+251 0 *
Ed
 1e-07 1 1 0
1  347 0 0 0.6
2  759 194 0 0 0.6
2  760 193 0 0 0.6
0

0101000
+305 243 -305 244 *
Wi

0101100
+249 0 -252 0 -304 237 +304 245 *
Fa
0  1e-07 193 0

0101000
+248 0 *
Wi

0101100
+264 0 -249 0 -303 237 +303 245 *
Fa
0  1e-07 194 0

0101000
+246 0 *
Wi

0101100
+303 0 +304 0 +306 0 +308 0 +310 0 +312 0 +314 0 *
Fa
0  1e-07 188 0

0101000
-244 0 *
Sh

0101100
-331 230 +301 0 +296 0 -291 0 -280 230 -277 230 +274 230 -271 0 +268 0 +266 230 
+262 0 +259 0 +256 0 +253 0 +250 0 +247 0 +245 0 +243 245 *
So

0100000
+242 0 *
Co

0100000
+241 0 *
Ed
 1e-07 1 1 0
1  348 0 0 0.6
0

0101000
+315 250 -315 252 *
Ed
 1e-07 1 1 0
1  349 0 0 0.6
0

0101000
+305 250 -305 252 *
Wi

0101100
+239 0 -238 0 -303 253 +303 254 *
Fa
0  1e-07 195 0

0101000
+237 0 *
Ed
 1e-07 1 1 0
1  350 0 0 0.6
0

0101000
+307 250 -307 252 *
Wi

0101100
+238 0 -235 0 -304 253 +304 254 *
Fa
0  1e-07 196 0

0101000
+234 0 *
Ed
 1e-07 1 1 0
1  351 0 0 0.6
0

0101000
+309 250 -309 252 *
Wi

0101100
+235 0 -232 0 -306 253 +306 254 *
Fa
0  1e-07 197 0

0101000
+231 0 *
Ed
 1e-07 1 1 0
1  352 0 0 0.6
0

0101000
+311 250 -311 252 *
Wi

0101100
+232 0 -229 0 -308 253 +308 254 *
Fa
0  1e-07 198 0

0101000
+228 0 *
Ed
 1e-07 1 1 0
1  353 0 0 0.6
0

0101000
+313 250 -313 252 *
Wi

0101100
+229 0 -226 0 -310 253 +310 254 *
Fa
0  1e-07 199 0

0101000
+225 0 *
Ed
 1e-07 1 1 0
1  354 0 0 0.6
0

0101000
+316 250 -316 252 *
Wi

0101100
+226 0 -223 0 -312 253 +312 254 *
Fa
0  1e-07 200 0

0101000
+222 0 *
Wi

0101100
+223 0 -239 0 -314 253 +314 254 *
Fa
0  1e-07 201 0

0101000
+220 0 *
Sh

0101100
-236 0 -233 0 -230 0 -227 0 -224 0 -221 0 -219 0 +243 253 -243 254 *
So

0100000
+218 0 *
Co

0100000
+217 0 *
Co

0100000
+240 0 +216 0 *
Ve
1e-07
-10 -8.5 1
0 0

0101101
*
Ve
1e-07
-10 8.5 1
0 0

0101101
*
Ed
 1e-07 1 1 0
1  355 0 1.5 18.5
2  761 202 0 1.5 18.5
2  762 203 0 1.5 18.5
0

0101000
+214 261 -213 261 *
Ve
1e-07
-10 -8.5 -1
0 0

0101101
*
Ed
 1e-07 1 1 0
1  356 0 0 2
2  763 204 0 0 2
2  764 202 260 0 2
4 G1 204 0 202 260
0

0101000
+211 0 -214 0 *
Ve
1e-07
-10 8.5 -1
0 0

0101101
*
Ed
 1e-07 1 1 0
1  357 0 0 2
2  765 205 0 0 2
2  766 202 260 0 2
4 G1 205 0 202 260
0

0101000
+209 0 -213 0 *
Ed
 1e-07 1 1 0
1  358 0 1.5 18.5
2  767 202 0 1.5 18.5
2  768 206 0 1.5 18.5
0

0101000
+211 261 -209 261 *
Wi

0101100
-212 260 -210 0 +208 0 +207 260 *
Fa
0  1e-07 202 0

0101000
+206 261 *
Ve
1e-07
-8.5 -10 1
0 0

0101101
*
Ed
 1e-07 1 1 0
1  359 0 4.71238898038469 6.28318530717959
2  769 204 0 4.71238898038469 6.28318530717959
2  770 203 260 4.71238898038469 6.28318530717959
0

0101000
+214 0 -204 0 *
Ve
1e-07
-8.5 10 1
0 0

0101101
*
Ed
 1e-07 1 1 0
1  360 0 1.5707963267949 3.14159265358979
2  771 205 0 1.5707963267949 3.14159265358979
2  772 203 260 1.5707963267949 3.14159265358979
0

0101000
+213 0 -202 0 *
Ve
1e-07
8.5 -10 1
0 0

0101101
*
Ed
 1e-07 1 1 0
1  361 0 1.5 18.5
2  773 207 0 1.5 18.5
2  774 203 0 1.5 18.5
0

0101000
+204 261 -200 261 *
Ve
1e-07
8.5 10 1
0 0

0101101
*
Ed
 1e-07 1 1 0
1  362 0 1.5 18.5
2  775 208 0 1.5 18.5
2  776 203 0 1.5 18.5
0

0101000
+202 261 -198 261 *
Ve
1e-07
10 -8.5 1
0 0

0101101
*
Ed
 1e-07 1 1 0
1  363 0 4.71238898038469 6.28318530717959
2  777 209 0 4.71238898038469 6.28318530717959
2  778 203 260 4.71238898038469 6.28318530717959
0

0101000
+196 0 -200 0 *
Ve
1e-07
10 8.5 1
0 0

0101101
*
Ed
 1e-07 1 1 0
1  364 0 1.5707963267949 3.14159265358979
2  779 210 0 1.5707963267949 3.14159265358979
2  780 203 260 1.5707963267949 3.14159265358979
0

0101000
+194 0 -198 0 *
Ed
 1e-07 1 1 0
1  365 0 1.5 18.5
2  781 211 0 1.5 18.5
2  782 203 0 1.5 18.5
0

0101000
+196 261 -194 261 *
Wi

0101100
-212 260 +203 0 -201 0 +199 260 -197 260 -195 0 +193 0 +192 260 *
Ve
1e-07
1.483154296875 0.6298828125 0
0 0

0101101
*
Ve
1e-07
-1.483154296875 0.6298828125 0
0 0

0101101
*
Ed
 1e-07 1 1 0
1  366 0 0 9.57223934977579
2  783 212 263 0 9.57223934977579
2  784 212 265 0 9.57223934977579
2  785 213 270 0 9.57223934977579
2  786 203 271 0 9.57223934977579
2  787 214 276 0 9.57223934977579
2  788 214 278 0 9.57223934977579
0

0101000
+190 279 -189 279 *
Ed
 1e-07 1 1 0
1  367 0 0 10.0699300699301
2  789 215 263 0 10.0699300699301
2  790 215 265 0 10.0699300699301
2  791 213 270 0 10.0699300699301
2  792 203 271 0 10.0699300699301
2  793 216 276 0 10.0699300699301
2  794 216 278 0 10.0699300699301
0

0101000
+189 279 -190 279 *
Wi

0101100
-188 262 -187 262 *
Fa
0  1e-07 203 260

0101000
+191 0 +186 0 *
Ve
1e-07
-8.5 -10 -1
0 0

0101101
*
Ed
 1e-07 1 1 0
1  368 0 4.71238898038469 6.28318530717959
2  795 204 0 4.71238898038469 6.28318530717959
2  796 206 260 4.71238898038469 6.28318530717959
0

0101000
+211 0 -184 0 *
Ed
 1e-07 1 1 0
1  369 0 0 2
2  797 204 0 0 2
2  798 207 260 0 2
4 G1 204 0 207 260
0

0101000
+184 0 -204 0 *
Wi

0101100
+183 0 -210 0 +182 0 -203 0 *
Fa
0  0 204 0

0101000
+181 0 *
Ve
1e-07
-8.5 10 -1
0 0

0101101
*
Ed
 1e-07 1 1 0
1  370 0 1.5707963267949 3.14159265358979
2  799 205 0 1.5707963267949 3.14159265358979
2  800 206 260 1.5707963267949 3.14159265358979
0

0101000
+209 0 -179 0 *
Ed
 1e-07 1 1 0
1  371 0 0 2
2  801 205 0 0 2
2  802 208 260 0 2
4 G1 205 0 208 260
0

0101000
+179 0 -202 0 *
Wi

0101100
+178 0 -208 0 +177 0 -201 0 *
Fa
0  0 205 0

0101000
+176 0 *
Ve
1e-07
8.5 -10 -1
0 0

0101101
*
Ed
 1e-07 1 1 0
1  372 0 1.5 18.5
2  803 207 0 1.5 18.5
2  804 206 0 1.5 18.5
0

0101000
+184 261 -174 261 *
Ve
1e-07
8.5 10 -1
0 0

0101101
*
Ed
 1e-07 1 1 0
1  373 0 1.5 18.5
2  805 208 0 1.5 18.5
2  806 206 0 1.5 18.5
0

0101000
+179 261 -172 261 *
Ve
1e-07
10 -8.5 -1
0 0

0101101
*
Ed
 1e-07 1 1 0
1  374 0 4.71238898038469 6.28318530717959
2  807 209 0 4.71238898038469 6.28318530717959
2  808 206 260 4.71238898038469 6.28318530717959
0

0101000
+170 0 -174 0 *
Ve
1e-07
10 8.5 -1
0 0

0101101
*
Ed
 1e-07 1 1 0
1  375 0 1.5707963267949 3.14159265358979
2  809 210 0 1.5707963267949 3.14159265358979
2  810 206 260 1.5707963267949 3.14159265358979
0

0101000
+168 0 -172 0 *
Ed
 1e-07 1 1 0
1  376 0 1.5 18.5
2  811 211 0 1.5 18.5
2  812 206 0 1.5 18.5
0

0101000
+170 261 -168 261 *
Wi

0101100
-207 260 +183 0 -178 0 +173 260 -171 260 -169 0 +167 0 +166 260 *
Fa
0  1e-07 206 0

0101000
+165 261 *
Ed
 1e-07 1 1 0
1  377 0 0 2
2  813 209 0 0 2
2  814 207 260 0 2
4 G1 209 0 207 260
0

0101000
+174 0 -200 0 *
Wi

0101100
-173 260 +182 0 -163 0 +199 260 *
Fa
0  1e-07 207 0

0101000
+162 261 *
Ed
 1e-07 1 1 0
1  378 0 0 2
2  815 210 0 0 2
2  816 208 260 0 2
4 G1 210 0 208 260
0

0101000
+172 0 -198 0 *
Wi

0101100
-171 260 +177 0 -160 0 +197 260 *
Fa
0  1e-07 208 0

0101000
+159 261 *
Ed
 1e-07 1 1 0
1  379 0 0 2
2  817 209 0 0 2
2  818 211 260 0 2
4 G1 209 0 211 260
0

0101000
+170 0 -196 0 *
Wi

0101100
+169 0 -157 0 +163 0 -195 0 *
Fa
0  0 209 0

0101000
+156 0 *
Ed
 1e-07 1 1 0
1  380 0 0 2
2  819 210 0 0 2
2  820 211 260 0 2
4 G1 210 0 211 260
0

0101000
+168 0 -194 0 *
Wi

0101100
+167 0 -154 0 +160 0 -193 0 *
Fa
0  0 210 0

0101000
+153 0 *
Wi

0101100
-192 260 -157 0 +154 0 +166 260 *
Fa
0  1e-07 211 0

0101000
+151 261 *
Ed
 1e-07 1 1 0
1  381 0 0 0.6
2  821 212 0 0 0.6
2  822 215 0 0 0.6
0

0101000
+190 280 -190 281 *
Ed
 1e-07 1 1 0
1  382 0 0 0.6
2  823 212 0 0 0.6
2  824 215 0 0 0.6
0

0101000
+189 280 -189 281 *
Wi

0101100
+149 0 -148 0 -188 262 +188 282 *
Fa
0  1e-07 212 0

0101000
+147 0 *
Wi

0101100
+148 0 -149 0 -187 262 +187 282 *
Fa
0  1e-07 215 0

0101000
+145 0 *
Wi

0101100
-188 284 -187 284 *
Ve
1e-07
-0.003662109375 0 0
0 0

0101101
*
Ed
 1e-07 1 1 0
1  383 0 0 7.95555555555556
2  825 217 263 0 7.95555555555556
2  826 217 265 0 7.95555555555556
2  827 213 270 0 7.95555555555556
2  828 203 271 0 7.95555555555556
2  829 218 276 0 7.95555555555556
2  830 218 278 0 7.95555555555556
0

0101100
+142 279 -142 279 *
Wi

0101100
-141 284 *
Ve
1e-07
-2.025146484375 2.96630859375 0
0 0

0101101
*
Ed
 1e-07 1 1 0
1  384 0 0 7.96946564885496
2  831 219 263 0 7.96946564885496
2  832 219 265 0 7.96946564885496
2  833 213 270 0 7.96946564885496
2  834 203 271 0 7.96946564885496
2  835 220 276 0 7.96946564885496
2  836 220 278 0 7.96946564885496
0

0101100
+139 279 -139 279 *
Wi

0101100
-138 284 *
Fa
0  1e-07 213 0

0101000
-143 0 -140 0 -137 0 *
Ed
 1e-07 1 1 0
1  385 0 0 0.6
3  837 838G1 217 0 0 0.6
0

0101000
+142 280 -142 281 *
Wi

0101100
+135 0 -135 0 -141 262 +141 282 *
Fa
0  1e-07 217 0

0101000
+134 0 *
Ed
 1e-07 1 1 0
1  386 0 0 0.6
3  839 840C1 219 0 0 0.6
0

0101000
+139 280 -139 281 *
Wi

0101100
+132 0 -132 0 -138 262 +138 282 *
Fa
0  1e-07 219 0

0101000
+131 0 *
Wi

0101100
-141 262 *
Fa
0  1e-07 203 260

0101000
+129 0 *
Wi

0101100
-138 262 *
Fa
0  1e-07 203 260

0101000
+127 0 *
Sh

0101100
-205 260 +185 0 +180 0 -175 0 -164 260 -161 260 +158 260 -155 0 +152 0 +150 260 
-146 0 -144 0 +136 283 -133 0 -130 0 +128 0 +126 0 *
So

0100000
+125 0 *
Co

0100000
+124 0 *
Ed
 1e-07 1 1 0
1  387 0 0 0.6
2  841 214 0 0 0.6
2  842 216 0 0 0.6
0

0101000
+190 285 -190 286 *
Ed
 1e-07 1 1 0
1  388 0 0 0.6
2  843 214 0 0 0.6
2  844 216 0 0 0.6
0

0101000
+189 285 -189 286 *
Wi

0101100
+122 0 -121 0 -188 287 +188 288 *
Fa
0  1e-07 214 0

0101000
+120 0 *
Wi

0101100
+121 0 -122 0 -187 287 +187 288 *
Fa
0  1e-07 216 0

0101000
+118 0 *
Ed
 1e-07 1 1 0
1  389 0 0 0.6
3  845 846G1 218 0 0 0.6
0

0101000
+142 285 -142 286 *
Wi

0101100
+116 0 -116 0 -141 287 +141 288 *
Fa
0  1e-07 218 0

0101000
+115 0 *
Ed
 1e-07 1 1 0
1  390 0 0 0.6
3  847 848C1 220 0 0 0.6
0

0101000
+139 285 -139 286 *
Wi

0101100
+113 0 -113 0 -138 287 +138 288 *
Fa
0  1e-07 220 0

0101000
+112 0 *
Sh

0101100
+119 0 +117 0 +114 0 +111 0 +136 289 -136 290 *
So

0100000
+110 0 *
Co

0100000
+109 0 *
Co

0100000
+123 0 +108 0 *
Ve
1e-07
-10 -8.5 1
0 0

0101101
*
Ve
1e-07
-10 8.5 1
0 0

0101101
*
Ed
 1e-07 1 1 0
1  391 0 1.5 18.5
2  849 221 0 1.5 18.5
2  850 222 0 1.5 18.5
0

0101000
+106 297 -105 297 *
Ve
1e-07
-10 -8.5 -1
0 0

0101101
*
Ed
 1e-07 1 1 0
1  392 0 0 2
2  851 223 0 0 2
2  852 221 296 0 2
4 G1 223 0 221 296
0

0101000
+103 0 -106 0 *
Ve
1e-07
-10 8.5 -1
0 0

0101101
*
Ed
 1e-07 1 1 0
1  393 0 0 2
2  853 224 0 0 2
2  854 221 296 0 2
4 G1 224 0 221 296
0

0101000
+101 0 -105 0 *
Ed
 1e-07 1 1 0
1  394 0 1.5 18.5
2  855 221 0 1.5 18.5
2  856 225 0 1.5 18.5
0

0101000
+103 297 -101 297 *
Wi

0101100
-104 296 -102 0 +100 0 +99 296 *
Fa
0  1e-07 221 0

0101000
+98 297 *
Ve
1e-07
-8.5 -10 1
0 0

0101101
*
Ed
 1e-07 1 1 0
1  395 0 4.71238898038469 6.28318530717959
2  857 223 0 4.71238898038469 6.28318530717959
2  858 222 296 4.71238898038469 6.28318530717959
0

0101000
+106 0 -96 0 *
Ve
1e-07
-8.5 10 1
0 0

0101101
*
Ed
 1e-07 1 1 0
1  396 0 1.5707963267949 3.14159265358979
2  859 224 0 1.5707963267949 3.14159265358979
2  860 222 296 1.5707963267949 3.14159265358979
0

0101000
+105 0 -94 0 *
Ve
1e-07
8.5 -10 1
0 0

0101101
*
Ed
 1e-07 1 1 0
1  397 0 1.5 18.5
2  861 226 0 1.5 18.5
2  862 222 0 1.5 18.5
0

0101000
+96 297 -92 297 *
Ve
1e-07
8.5 10 1
0 0

0101101
*
Ed
 1e-07 1 1 0
1  398 0 1.5 18.5
2  863 227 0 1.5 18.5
2  864 222 0 1.5 18.5
0

0101000
+94 297 -90 297 *
Ve
1e-07
10 -8.5 1
0 0

0101101
*
Ed
 1e-07 1 1 0
1  399 0 4.71238898038469 6.28318530717959
2  865 228 0 4.71238898038469 6.28318530717959
2  866 222 296 4.71238898038469 6.28318530717959
0

0101000
+88 0 -92 0 *
Ve
1e-07
10 8.5 1
0 0

0101101
*
Ed
 1e-07 1 1 0
1  400 0 1.5707963267949 3.14159265358979
2  867 229 0 1.5707963267949 3.14159265358979
2  868 222 296 1.5707963267949 3.14159265358979
0

0101000
+86 0 -90 0 *
Ed
 1e-07 1 1 0
1  401 0 1.5 18.5
2  869 230 0 1.5 18.5
2  870 222 0 1.5 18.5
0

0101000
+88 297 -86 297 *
Wi

0101100
-104 296 +95 0 -93 0 +91 296 -89 296 -87 0 +85 0 +84 296 *
Ve
1e-07
-3.123779296875 -4.9658203125 0
0 0

0101101
*
Ve
1e-07
2.244873046875 -0.18310546875 0
0 0

0101101
*
Ed
 1e-07 1 1 0
1  402 0 0 34.9188910647324
2  871 231 299 0 34.9188910647324
2  872 231 301 0 34.9188910647324
2  873 232 306 0 34.9188910647324
2  874 222 307 0 34.9188910647324
2  875 233 312 0 34.9188910647324
2  876 233 314 0 34.9188910647324
0

0101000
+82 315 -81 315 *
Ve
1e-07
-3.123779296875 -3.6181640625 0
0 0

0101101
*
Ed
 1e-07 1 1 0
1  403 0 0 2.75
2  877 234 299 0 2.75
2  878 234 301 0 2.75
2  879 232 306 0 2.75
2  880 222 307 0 2.75
2  881 235 312 0 2.75
2  882 235 314 0 2.75
0

0101000
+81 315 -79 315 *
Ed
 1e-07 1 1 0
1  404 0 0 1.34765625
2  883 236 317 0 1.34765625
2  884 236 318 0 1.34765625
2  885 232 0 0 1.34765625
2  886 222 319 0 1.34765625
0

0101000
+82 320 -79 320 *
Wi

0101100
-80 298 -78 298 +77 316 *
Fa
0  1e-07 222 296

0101000
+83 0 +76 0 *
Ve
1e-07
-8.5 -10 -1
0 0

0101101
*
Ed
 1e-07 1 1 0
1  405 0 4.71238898038469 6.28318530717959
2  887 223 0 4.71238898038469 6.28318530717959
2  888 225 296 4.71238898038469 6.28318530717959
0

0101000
+103 0 -74 0 *
Ed
 1e-07 1 1 0
1  406 0 0 2
2  889 223 0 0 2
2  890 226 296 0 2
4 G1 223 0 226 296
0

0101000
+74 0 -96 0 *
Wi

0101100
+73 0 -102 0 +72 0 -95 0 *
Fa
0  0 223 0

0101000
+71 0 *
Ve
1e-07
-8.5 10 -1
0 0

0101101
*
Ed
 1e-07 1 1 0
1  407 0 1.5707963267949 3.14159265358979
2  891 224 0 1.5707963267949 3.14159265358979
2  892 225 296 1.5707963267949 3.14159265358979
0

0101000
+101 0 -69 0 *
Ed
 1e-07 1 1 0
1  408 0 0 2
2  893 224 0 0 2
2  894 227 296 0 2
4 G1 224 0 227 296
0

0101000
+69 0 -94 0 *
Wi

0101100
+68 0 -100 0 +67 0 -93 0 *
Fa
0  0 224 0

0101000
+66 0 *
Ve
1e-07
8.5 -10 -1
0 0

0101101
*
Ed
 1e-07 1 1 0
1  409 0 1.5 18.5
2  895 226 0 1.5 18.5
2  896 225 0 1.5 18.5
0

0101000
+74 297 -64 297 *
Ve
1e-07
8.5 10 -1
0 0

0101101
*
Ed
 1e-07 1 1 0
1  410 0 1.5 18.5
2  897 227 0 1.5 18.5
2  898 225 0 1.5 18.5
0

0101000
+69 297 -62 297 *
Ve
1e-07
10 -8.5 -1
0 0

0101101
*
Ed
 1e-07 1 1 0
1  411 0 4.71238898038469 6.28318530717959
2  899 228 0 4.71238898038469 6.28318530717959
2  900 225 296 4.71238898038469 6.28318530717959
0

0101000
+60 0 -64 0 *
Ve
1e-07
10 8.5 -1
0 0

0101101
*
Ed
 1e-07 1 1 0
1  412 0 1.5707963267949 3.14159265358979
2  901 229 0 1.5707963267949 3.14159265358979
2  902 225 296 1.5707963267949 3.14159265358979
0

0101000
+58 0 -62 0 *
Ed
 1e-07 1 1 0
1  413 0 1.5 18.5
2  903 230 0 1.5 18.5
2  904 225 0 1.5 18.5
0

0101000
+60 297 -58 297 *
Wi

0101100
-99 296 +73 0 -68 0 +63 296 -61 296 -59 0 +57 0 +56 296 *
Fa
0  1e-07 225 0

0101000
+55 297 *
Ed
 1e-07 1 1 0
1  414 0 0 2
2  905 228 0 0 2
2  906 226 296 0 2
4 G1 228 0 226 296
0

0101000
+64 0 -92 0 *
Wi

0101100
-63 296 +72 0 -53 0 +91 296 *
Fa
0  1e-07 226 0

0101000
+52 297 *
Ed
 1e-07 1 1 0
1  415 0 0 2
2  907 229 0 0 2
2  908 227 296 0 2
4 G1 229 0 227 296
0

0101000
+62 0 -90 0 *
Wi

0101100
-61 296 +67 0 -50 0 +89 296 *
Fa
0  1e-07 227 0

0101000
+49 297 *
Ed
 1e-07 1 1 0
1  416 0 0 2
2  909 228 0 0 2
2  910 230 296 0 2
4 G1 228 0 230 296
0

0101000
+60 0 -88 0 *
Wi

0101100
+59 0 -47 0 +53 0 -87 0 *
Fa
0  0 228 0

0101000
+46 0 *
Ed
 1e-07 1 1 0
1  417 0 0 2
2  911 229 0 0 2
2  912 230 296 0 2
4 G1 229 0 230 296
0

0101000
+58 0 -86 0 *
Wi

0101100
+57 0 -44 0 +50 0 -85 0 *
Fa
0  0 229 0

0101000
+43 0 *
Wi

0101100
-84 296 -47 0 +44 0 +56 296 *
Fa
0  1e-07 230 0

0101000
+41 297 *
Ed
 1e-07 1 1 0
1  418 0 0 0.6
2  913 231 0 0 0.6
2  914 236 0 0 0.6
0

0101000
+82 321 -82 322 *
Ed
 1e-07 1 1 0
1  419 0 0 0.6
2  915 234 0 0 0.6
2  916 231 0 0 0.6
0

0101000
+81 321 -81 322 *
Wi

0101100
+39 0 -38 0 -80 298 +80 323 *
Fa
0  1e-07 231 0

0101000
+37 0 *
Ed
 1e-07 1 1 0
1  420 0 0 0.6
2  917 234 0 0 0.6
2  918 236 0 0 0.6
0

0101000
+79 321 -79 322 *
Wi

0101100
+38 0 -35 0 -78 298 +78 323 *
Fa
0  1e-07 234 0

0101000
+34 0 *
Wi

0101100
+39 0 -35 0 -77 316 +77 324 *
Fa
0  1e-07 236 0

0101000
+32 0 *
Wi

0101100
+77 0 -78 325 -80 325 *
Ve
1e-07
-0.179443359375 -0.32958984375 0
0 0

0101101
*
Ed
 1e-07 1 1 0
1  421 0 0 7.97530864197531
2  919 237 299 0 7.97530864197531
2  920 237 301 0 7.97530864197531
2  921 232 306 0 7.97530864197531
2  922 222 307 0 7.97530864197531
2  923 238 312 0 7.97530864197531
2  924 238 314 0 7.97530864197531
0

0101100
+29 315 -29 315 *
Wi

0101100
-28 325 *
Fa
0  1e-07 232 0

0101000
-30 0 -27 0 *
Ed
 1e-07 1 1 0
1  422 0 0 0.6
3  925 926C1 237 0 0 0.6
0

0101000
+29 321 -29 322 *
Wi

0101100
+25 0 -25 0 -28 298 +28 323 *
Fa
0  1e-07 237 0

0101000
+24 0 *
Wi

0101100
-28 298 *
Fa
0  1e-07 222 296

0101000
+22 0 *
Sh

0101100
-97 296 +75 0 +70 0 -65 0 -54 296 -51 296 +48 296 -45 0 +42 0 +40 296 
-36 0 -33 0 +31 0 +26 324 -23 0 +21 0 *
So

0100000
+20 0 *
Co

0100000
+19 0 *
Ed
 1e-07 1 1 0
1  423 0 0 0.6
2  927 233 0 0 0.6
0

0101000
+82 326 -82 327 *
Ed
 1e-07 1 1 0
1  424 0 0 0.6
2  928 235 0 0 0.6
0

0101000
+79 326 -79 327 *
Wi

0101100
+17 0 -16 0 -77 328 +77 329 *
Fa
0  1e-07 239 0

0101000
+15 0 *
Ed
 1e-07 1 1 0
1  425 0 0 0.6
2  929 235 0 0 0.6
2  930 233 0 0 0.6
0

0101000
+81 326 -81 327 *
Wi

0101100
+13 0 -16 0 -78 330 +78 331 *
Fa
0  1e-07 235 0

0101000
+12 0 *
Wi

0101100
+17 0 -13 0 -80 330 +80 331 *
Fa
0  1e-07 233 0

0101000
+10 0 *
Ed
 1e-07 1 1 0
1  426 0 0 0.6
3  931 932C1 238 0 0 0.6
0

0101000
+29 326 -29 327 *
Wi

0101100
+8 0 -8 0 -28 330 +28 331 *
Fa
0  1e-07 238 0

0101000
+7 0 *
Sh

0101100
-14 0 +11 0 +9 0 +6 0 +26 328 -26 329 *
So

0100000
+5 0 *
Co

0100000
+4 0 *
Co

0100000
+18 0 +3 0 *
Co

1100000
+1049 1 +907 31 +765 72 +580 113 +446 143 +341 184 +215 225 +107 255 +2 291 *

+1 0 